id,MusicalTopics
9be163c1-e5cb-4547-a6bd-1dde954669ea,"{'Pop': 6.8181818181818175, 'Travel': 11.363636363636363, 'School': 4.545454545454546, 'Book': 6.8181818181818175, 'Discovery': 4.545454545454546, 'Family': 11.363636363636363, 'Time': 11.363636363636363, 'Dating': 20.454545454545457, 'Home': 11.363636363636363, 'Power': 11.363636363636363}"
56f59ab5-ce0f-4a18-a7c0-01f658a685ee,"{'Adventure': 15.04424778761062, 'Love': 7.964601769911504, 'Music': 4.424778761061947, 'Legacy': 9.734513274336283, 'Courage': 22.123893805309734, 'Celebration': 7.079646017699115, 'Family': 4.424778761061947, 'Home': 4.424778761061947, 'Tragedy': 18.58407079646018, 'Hope': 6.1946902654867255}"
32a81e39-4d95-4e2e-9429-7b4022ad6e7b,"{'Travel': 7.6923076923076925, 'Love': 17.094017094017094, 'Crime': 10.683760683760683, 'Diversity': 8.974358974358974, 'Discovery': 11.11111111111111, 'Change': 8.974358974358974, 'Spring': 8.11965811965812, 'History': 7.6923076923076925, 'Dating': 11.965811965811966, 'Home': 7.6923076923076925}"
c0da31fb-8efd-412b-8498-3004ea5a2678,"{'Royal': 33.198380566801625, 'Travel': 4.8582995951417, 'Love': 9.31174089068826, 'Magic': 14.979757085020243, 'Diversity': 5.668016194331984, 'Family': 6.477732793522267, 'Change': 5.668016194331984, 'History': 5.263157894736842, 'Home': 8.502024291497975, 'Dating': 6.0728744939271255}"
bba42bac-4daa-4f08-bf83-019b587ab386,"{'Pop': 6.8493150684931505, 'Love': 10.95890410958904, 'Book': 9.58904109589041, 'Diversity': 5.47945205479452, 'Family': 10.95890410958904, 'Time': 20.54794520547945, 'Change': 6.8493150684931505, 'History': 6.8493150684931505, 'Home': 9.58904109589041, 'Power': 12.32876712328767}"
93a0bb0e-bc43-4690-bc3a-81bbabd41ca6,"{'Art': 13.636363636363635, 'Passion': 4.545454545454546, 'Legacy': 22.727272727272727, 'Love': 9.090909090909092, 'Society': 9.090909090909092, 'History': 13.636363636363635, 'Identity': 4.545454545454546, 'Freedom': 9.090909090909092, 'Power': 9.090909090909092, 'Revolution': 4.545454545454546}"
aabfa188-58c5-432f-8ee1-9fd32d2b3af7,"{'Pop': 14.285714285714285, 'Rock': 8.333333333333332, 'Work': 17.857142857142858, 'Family': 8.928571428571429, 'Time': 5.357142857142857, 'Fall': 4.166666666666666, 'Home': 8.928571428571429, 'Dating': 5.952380952380952, 'Power': 17.261904761904763, 'Sports': 8.928571428571429}"
79335441-3182-4246-abbe-d1a8bbadbaf8,"{'Pop': 4.49438202247191, 'Travel': 3.3707865168539324, 'Sturggle': 31.46067415730337, 'Growth': 4.49438202247191, 'Discovery': 3.3707865168539324, 'Family': 23.595505617977526, 'Sacrifice': 3.3707865168539324, 'God': 3.3707865168539324, 'Home': 17.97752808988764, 'Hope': 4.49438202247191}"
293b249d-d6f2-42f1-83b4-34985d35bf41,"{'Teenager': 6.578947368421052, 'School': 17.105263157894736, 'Love': 7.894736842105263, 'Courage': 6.578947368421052, 'Fantasy': 10.526315789473683, 'Family': 6.578947368421052, 'History': 7.894736842105263, 'Dating': 9.210526315789473, 'Home': 6.578947368421052, 'Power': 21.052631578947366}"
eb310ff7-1c6c-4d5f-85d0-d43d0e76269b,"{'Book': 9.00900900900901, 'Love': 7.207207207207207, 'Work': 13.513513513513514, 'Discovery': 6.306306306306306, 'Family': 17.117117117117118, 'Fall': 7.207207207207207, 'Time': 5.405405405405405, 'Home': 18.01801801801802, 'Dating': 9.00900900900901, 'Power': 7.207207207207207}"
d6618012-e01b-4a52-a595-7b06c6eca5db,"{'Royal': 5.769230769230769, 'Love': 3.8461538461538463, 'Work': 26.923076923076923, 'Family': 23.076923076923077, 'Time': 9.615384615384617, 'Fall': 5.769230769230769, 'Classical': 3.8461538461538463, 'History': 3.8461538461538463, 'Home': 15.384615384615385, 'Power': 1.9230769230769231}"
6cb2a913-744a-4703-8249-f56a8655f630,"{'Pop': 7.18232044198895, 'Book': 13.259668508287293, 'Love': 9.392265193370166, 'Family': 13.259668508287293, 'Time': 9.392265193370166, 'Change': 6.077348066298343, 'History': 12.70718232044199, 'Home': 17.67955801104972, 'Dating': 4.41988950276243, 'Power': 6.629834254143646}"
3a4f97e9-08ea-4465-8ed8-15c6d4b70e97,"{'Pop': 12.5, 'Travel': 8.333333333333332, 'Leadership': 4.166666666666666, 'Love': 31.25, 'Book': 6.25, 'Discovery': 6.25, 'Time': 4.166666666666666, 'Change': 8.333333333333332, 'History': 10.416666666666668, 'Dating': 8.333333333333332}"
f9724999-b208-4aa4-80bf-7e080df6c714,"{'Dream': 4.477611940298507, 'Royal': 7.462686567164178, 'Fairytale': 5.970149253731343, 'Book': 8.955223880597014, 'Love': 14.925373134328357, 'Magic': 18.65671641791045, 'Time': 18.65671641791045, 'History': 9.701492537313433, 'Home': 6.7164179104477615, 'Hope': 4.477611940298507}"
0b003e24-1ee5-4405-8bc7-f5392edb76d7,"{'Rock': 7.142857142857142, 'Love': 11.607142857142858, 'Book': 9.821428571428571, 'Family': 33.035714285714285, 'Time': 6.25, 'Spring': 6.25, 'History': 5.357142857142857, 'Home': 10.714285714285714, 'Tragedy': 5.357142857142857, 'Power': 4.464285714285714}"
000154a5-ca9d-4c5f-a80c-a5c83774b7d0,"{'Pop': 6.008583690987124, 'Travel': 6.437768240343347, 'School': 5.150214592274678, 'Animals': 15.450643776824036, 'Love': 9.871244635193133, 'Fashion': 6.008583690987124, 'Family': 11.587982832618025, 'History': 8.583690987124463, 'Home': 23.605150214592275, 'Power': 7.296137339055794}"
bf88209b-9f78-4395-a6c3-395ff560b774,"{'Pop': 4.6875, 'Travel': 5.46875, 'Love': 25.78125, 'Book': 13.28125, 'Fashion': 7.03125, 'Family': 8.59375, 'Time': 13.28125, 'History': 8.59375, 'Home': 5.46875, 'Power': 7.8125}"
69ecaf45-00a6-4bfd-9f75-1faa403c451d,"{'Royal': 8.61244019138756, 'Pop': 7.177033492822966, 'Love': 14.832535885167463, 'Book': 10.047846889952153, 'Family': 11.961722488038278, 'War': 6.698564593301436, 'Dating': 8.133971291866029, 'Hope': 7.177033492822966, 'Power': 6.698564593301436, 'Revolution': 18.660287081339714}"
c2e5ed17-c0e3-45de-9385-c0f3ed9a2150,"{'Travel': 10.714285714285714, 'School': 10.714285714285714, 'Rock': 14.285714285714285, 'Book': 7.142857142857142, 'Discovery': 7.142857142857142, 'Family': 10.714285714285714, 'Change': 7.142857142857142, 'History': 14.285714285714285, 'Home': 7.142857142857142, 'Power': 10.714285714285714}"
596f3d68-3e6a-4281-9203-8a5a391b7b7c,"{'Royal': 6.25, 'Diversity': 6.25, 'Magic': 7.5, 'Fantasy': 11.25, 'Family': 8.125, 'Change': 15.625, 'History': 12.5, 'Home': 11.25, 'Tragedy': 5.625, 'Power': 15.625}"
ced8c73a-ef9f-4931-a46e-d268b8143a91,"{'Pop': 6.8181818181818175, 'Adventure': 3.4090909090909087, 'Book': 14.772727272727273, 'Love': 5.681818181818182, 'Diversity': 3.4090909090909087, 'Time': 36.36363636363637, 'History': 6.8181818181818175, 'Home': 11.363636363636363, 'Dating': 6.8181818181818175, 'Power': 4.545454545454546}"
0bafaf9f-3f90-4639-83a4-ce914c43139d,"{'Love': 7.177033492822966, 'Book': 6.698564593301436, 'Work': 11.004784688995215, 'Family': 19.138755980861244, 'Time': 6.698564593301436, 'Fall': 5.741626794258373, 'History': 11.004784688995215, 'Home': 19.138755980861244, 'Dating': 6.220095693779904, 'Power': 7.177033492822966}"
08f143f2-f08d-4079-bbb3-b77c09f1eee4,"{'Leadership': 2.941176470588235, 'Growth': 2.941176470588235, 'Book': 2.941176470588235, 'Work': 29.411764705882355, 'Celebration': 5.88235294117647, 'Family': 5.88235294117647, 'History': 2.941176470588235, 'Home': 17.647058823529413, 'Dating': 8.823529411764707, 'Sports': 20.588235294117645}"
545a9ddd-0432-4629-a02e-288b7beb8d4a,"{'Royal': 14.97005988023952, 'Pop': 5.389221556886228, 'Travel': 10.778443113772456, 'Magic': 4.790419161676647, 'Family': 16.16766467065868, 'Change': 4.191616766467066, 'History': 13.77245508982036, 'Home': 16.16766467065868, 'Dating': 4.790419161676647, 'Power': 8.982035928143713}"
0ad56c2e-9141-4798-be53-2cf8b17d6735,"{'Pop': 8.19672131147541, 'Travel': 6.557377049180328, 'School': 9.836065573770492, 'Love': 14.754098360655737, 'Book': 8.19672131147541, 'Family': 8.19672131147541, 'History': 14.754098360655737, 'Home': 16.39344262295082, 'Dating': 6.557377049180328, 'Power': 6.557377049180328}"
c51d5faa-0808-4faf-8746-da7592a33c07,"{'Forgiveness': 9.230769230769232, 'Adventure': 3.076923076923077, 'Magic': 9.89010989010989, 'Fashion': 3.7362637362637363, 'Diversity': 3.076923076923077, 'Family': 23.296703296703296, 'Isolation': 5.274725274725275, 'Home': 25.494505494505493, 'Dating': 3.5164835164835164, 'Power': 13.406593406593407}"
4ad0bb0a-632d-4973-829a-7f8312fe3a79,"{'Dream': 6.779661016949152, 'Love': 5.084745762711865, 'Fashion': 16.94915254237288, 'Family': 16.94915254237288, 'Summer': 6.779661016949152, 'Change': 11.864406779661017, 'Spring': 5.084745762711865, 'Home': 15.254237288135593, 'Power': 8.47457627118644, 'Hope': 6.779661016949152}"
17cc6826-8cb1-4d0f-bfb6-7b89c2c00ebb,"{'Royal': 7.575757575757576, 'Pop': 6.565656565656567, 'Love': 17.67676767676768, 'Book': 7.07070707070707, 'Family': 12.121212121212121, 'Time': 13.131313131313133, 'Change': 6.565656565656567, 'History': 7.07070707070707, 'Home': 16.666666666666664, 'Power': 5.555555555555555}"
90c48210-a03b-4b99-852c-d53ac53c59f4,"{'Pop': 1.694915254237288, 'Teenager': 1.694915254237288, 'Heaven': 1.694915254237288, 'Rock': 1.694915254237288, 'Disco': 32.20338983050847, 'Love': 13.559322033898304, 'Book': 1.694915254237288, 'Summer': 30.508474576271187, 'Family': 1.694915254237288, 'Home': 13.559322033898304}"
d020e048-c7ad-49b4-81c4-2cb5b91c003d,"{'Pop': 5.769230769230769, 'Travel': 5.769230769230769, 'Rock': 4.807692307692308, 'Love': 14.423076923076922, 'Book': 8.653846153846153, 'Spring': 4.807692307692308, 'Home': 8.653846153846153, 'Dating': 3.8461538461538463, 'Hope': 37.5, 'Power': 5.769230769230769}"
1fe3430d-b43f-4b1a-ae36-708f2710f52b,"{'Royal': 6.451612903225806, 'Pop': 6.451612903225806, 'Travel': 6.451612903225806, 'Disco': 16.129032258064516, 'Love': 22.58064516129032, 'Book': 6.451612903225806, 'Family': 9.67741935483871, 'Home': 16.129032258064516, 'Dating': 3.225806451612903, 'Hell': 6.451612903225806}"
8639f598-61bf-4ed2-bdd5-9af0d14fa4ff,"{'Pop': 4.10958904109589, 'Adventure': 5.136986301369863, 'Growth': 24.65753424657534, 'Love': 3.767123287671233, 'Fantasy': 8.21917808219178, 'Loneliness': 3.4246575342465753, 'Family': 14.726027397260275, 'Home': 16.78082191780822, 'Dating': 3.767123287671233, 'Power': 15.41095890410959}"
46e21dfe-3af9-4e9f-b12e-fb0158258963,"{'Pride': 6.1571125265392785, 'Animal': 60.509554140127385, 'Love': 4.8832271762208075, 'Diversity': 3.821656050955414, 'Family': 3.821656050955414, 'Change': 6.1571125265392785, 'Revange': 4.8832271762208075, 'Sacrifice': 2.547770700636943, 'History': 4.033970276008493, 'Home': 3.1847133757961785}"
3b32b587-43e3-4004-84ff-16c08abdad0b,"{'Pop': 5.128205128205128, 'Travel': 5.128205128205128, 'Love': 17.94871794871795, 'Diversity': 7.6923076923076925, 'Work': 17.94871794871795, 'Fall': 15.384615384615385, 'Time': 10.256410256410255, 'Change': 7.6923076923076925, 'Spring': 7.6923076923076925, 'Power': 5.128205128205128}"
155596ff-ffbb-4e9f-a1bf-8f27cfcfa6c8,"{'Pop': 8.24742268041237, 'Love': 35.051546391752574, 'Book': 7.216494845360824, 'Family': 7.216494845360824, 'Time': 11.34020618556701, 'Change': 7.216494845360824, 'History': 5.154639175257731, 'Home': 6.185567010309279, 'Dating': 6.185567010309279, 'Power': 6.185567010309279}"
f8a12e22-db22-42b4-b0c6-13be4846d752,"{'Travel': 5.343511450381679, 'Love': 6.106870229007633, 'Work': 18.3206106870229, 'Family': 9.923664122137405, 'Time': 9.923664122137405, 'Fall': 6.870229007633588, 'History': 6.870229007633588, 'Home': 11.450381679389313, 'Power': 13.740458015267176, 'Sports': 11.450381679389313}"
016d0c09-81f5-4ce5-a5bf-434b7f3a9ce0,"{'Adventure': 4.326923076923077, 'Book': 38.94230769230769, 'Fantasy': 12.5, 'Family': 7.211538461538461, 'Time': 5.288461538461538, 'History': 9.615384615384617, 'Dating': 3.8461538461538463, 'Home': 6.25, 'Power': 8.173076923076923, 'Hell': 3.8461538461538463}"
739b901c-556d-4a57-bd2f-e61635c70172,"{'Dream': 6.153846153846154, 'Travel': 10.76923076923077, 'Adventure': 10.76923076923077, 'Love': 6.153846153846154, 'Book': 4.615384615384602, 'Magic': 6.153846153846154, 'Family': 18.461538461538463, 'Home': 18.461538461538463, 'Dating': 6.153846153846154, 'Power': 12.307692307692308}"
f7576d3d-f6e8-48ca-a129-e81eddfca127,"{'Dream': 3.6036036036036037, 'Adventure': 4.954954954954955, 'Rock': 3.6036036036036037, 'Pride': 10.81081081081081, 'Animal': 4.954954954954955, 'Family': 9.00900900900901, 'Time': 5.405405405405405, 'History': 3.6036036036036037, 'Home': 9.45945945945946, 'Power': 44.5945945945946}"
b52dfd8b-edb6-4ebb-b01d-9d88efecf174,"{'Pop': 6.2717770034843205, 'School': 9.40766550522648, 'Book': 21.254355400696863, 'Love': 6.620209059233449, 'Work': 8.362369337979095, 'Family': 10.104529616724738, 'Time': 10.801393728222997, 'Fall': 9.059233449477352, 'Home': 11.846689895470384, 'Sports': 6.2717770034843205}"
3644f33c-e6ef-4048-8db5-849938e03e3d,"{'Love': 39.91596638655462, 'Loneliness': 5.042016806722689, 'Family': 10.084033613445378, 'Time': 7.9831932773109235, 'Change': 3.361344537815126, 'History': 6.302521008403361, 'Home': 12.605042016806722, 'Dating': 5.46218487394958, 'Power': 4.201680672268908, 'Sports': 5.042016806722689}"
073bf103-02ed-449a-a119-81ced71882cb,"{'Pop': 7.236842105263158, 'Art': 4.605263157894736, 'Book': 14.473684210526317, 'Love': 4.605263157894736, 'Family': 5.921052631578947, 'Time': 17.105263157894736, 'History': 8.552631578947368, 'Home': 15.131578947368421, 'Dating': 9.210526315789473, 'Power': 13.157894736842104}"
b7efbdd6-f45e-4322-9fcd-f9693bc00851,"{'Leadership': 5.357142857142857, 'School': 7.142857142857142, 'Book': 12.5, 'Discovery': 10.714285714285714, 'Family': 5.357142857142857, 'Time': 5.357142857142857, 'Change': 7.142857142857142, 'Home': 14.285714285714285, 'Dating': 10.714285714285714, 'Power': 21.428571428571427}"
f53e5cdc-96a2-4162-b45b-aee66939143b,"{'Horror': 6.25, 'Love': 11.607142857142858, 'Book': 7.142857142857142, 'Fashion': 7.142857142857142, 'Family': 14.285714285714285, 'Classical': 6.25, 'History': 8.035714285714286, 'Home': 18.75, 'Power': 8.928571428571429}"
6ae87b44-a775-4793-af4d-14a915ee0085,"{'Teenager': 32.98969072164948, 'Pop': 5.154639175257731, 'School': 7.216494845360824, 'Rock': 6.185567010309279, 'Magic': 5.154639175257731, 'Work': 7.216494845360824, 'Summer': 8.24742268041237, 'Fall': 10.309278350515463, 'Change': 4.123711340206199, 'History': 13.402061855670103}"
65a6294c-37c7-4e15-a7ff-607930c5e843,"{'Art': 7.28744939271255, 'Adventure': 11.336032388663968, 'Work': 14.5748987854251, 'Family': 13.765182186234817, 'Summer': 9.7165991902834, 'War': 4.8582995951417, 'Time': 8.502024291497975, 'Fall': 8.097165991902834, 'Home': 14.5748987854251, 'Sports': 7.28744939271255}"
47fbbc04-9a7a-417a-abd9-d6828440ebe5,"{'Travel': 9.375, 'Art': 7.8125, 'Love': 12.5, 'Book': 9.375, 'Fashion': 7.8125, 'Family': 9.375, 'Change': 7.8125, 'History': 6.25, 'Home': 17.1875, 'Dating': 12.5}"
bdd3c06e-d00b-4a4f-a5bf-a10646d0d4e2,"{'School': 7.194244604316546, 'Love': 21.58273381294964, 'Book': 4.316546762589928, 'Work': 9.352517985611511, 'Family': 10.79136690647482, 'Fall': 7.913669064748201, 'History': 12.23021582733813, 'Spring': 2.877697841726619, 'Home': 11.510791366906476, 'Power': 12.23021582733813}"
962f5e82-394c-4644-91f9-bf5873fa1328,"{'Pop': 8.16326530612245, 'Travel': 4.081632653061225, 'School': 24.489795918367346, 'Rock': 4.081632653061225, 'Love': 6.122448979591836, 'Family': 12.244897959183673, 'Change': 2.0408163265306123, 'Survival': 26.53061224489796, 'Home': 8.16326530612245, 'Dating': 4.081632653061225}"
c37224a3-95ab-4fa4-9a3a-7dd3c59051a3,"{'Pop': 3.3333333333333335, 'Travel': 5.555555555555555, 'School': 7.222222222222221, 'Book': 5.0, 'Love': 3.888888888888889, 'Work': 41.66666666666667, 'Time': 7.222222222222221, 'Fall': 5.555555555555555, 'Home': 16.11111111111111, 'Dating': 4.444444444444445}"
2a57449d-56ac-49ea-ba8e-3865d7aec199,"{'Pop': 9.595959595959595, 'Heaven': 10.606060606060606, 'Travel': 5.555555555555555, 'Love': 15.151515151515152, 'Work': 16.161616161616163, 'Discovery': 5.555555555555555, 'Time': 6.0606060606060606, 'Dating': 5.05050505050505, 'Power': 7.07070707070707, 'Hell': 19.19191919191919}"
7d5c5fa7-a6f7-4033-bf4c-9f304bb2425e,"{'Royal': 15.384615384615385, 'Love': 15.384615384615385, 'Fashion': 7.6923076923076925, 'Diversity': 7.6923076923076925, 'Family': 11.538461538461538, 'Fall': 7.6923076923076925, 'Change': 7.6923076923076925, 'History': 11.538461538461538, 'Hope': 7.6923076923076925, 'Power': 7.6923076923076925}"
c1268397-be25-4349-9f3a-a84432d8715b,"{'Royal': 18.681318681318682, 'Pop': 8.791208791208792, 'Art': 8.791208791208792, 'Love': 10.989010989010989, 'Family': 6.593406593406594, 'Faith': 7.6923076923076925, 'Change': 7.6923076923076925, 'History': 10.989010989010989, 'Home': 10.989010989010989, 'Power': 8.791208791208792}"
9c971068-daf3-433a-8040-26820c1b5a8e,"{'Pop': 15.789473684210526, 'Rock': 10.526315789473683, 'Book': 28.947368421052634, 'Love': 2.631578947368421, 'Family': 2.631578947368421, 'Time': 13.157894736842104, 'History': 5.263157894736842, 'Home': 10.526315789473683, 'Dating': 2.631578947368421, 'Power': 7.894736842105263}"
6a13a35f-f498-42b1-ba15-b14c57089035,"{'Pop': 5.649717514124294, 'Travel': 5.084745762711865, 'Rock': 6.779661016949152, 'Book': 11.299435028248588, 'Family': 6.779661016949152, 'Time': 28.24858757062147, 'Change': 4.519774011299435, 'History': 15.819209039548024, 'Home': 7.909604519774012, 'Power': 7.909604519774012}"
e0167449-28bf-455b-8a1d-0183bcf9ce82,"{'Dream': 12.5, 'Travel': 9.027777777777777, 'Love': 8.333333333333332, 'Diversity': 8.333333333333332, 'Family': 9.722222222222223, 'Change': 11.11111111111111, 'History': 10.416666666666668, 'Home': 12.5, 'Dating': 9.027777777777777, 'Community': 9.027777777777777}"
6fdf62db-ded0-46a0-bcee-41629e17e11e,"{'Travel': 6.896551724137931, 'Rock': 24.137931034482758, 'Book': 11.494252873563218, 'Magic': 6.896551724137931, 'Family': 6.896551724137931, 'Time': 6.896551724137931, 'Spring': 6.896551724137931, 'Home': 11.494252873563218, 'Dating': 5.747126436781609, 'Power': 12.643678160919542}"
7b115160-5977-42f5-91d4-0b154baed42c,"{'Pop': 6.422018348623854, 'Travel': 6.422018348623854, 'Art': 8.256880733944955, 'Love': 18.34862385321101, 'Book': 7.339449541284404, 'Family': 11.009174311926607, 'Time': 5.504587155963289, 'History': 6.422018348623854, 'Home': 11.009174311926607, 'Power': 19.26605504587156}"
292d3a0a-ae04-49a9-a009-fdf5dab60aa2,"{'Pop': 3.5422343324250685, 'Art': 3.2697547683923704, 'Love': 10.354223433242508, 'Book': 8.174386920980927, 'Fashion': 2.997275204359673, 'Family': 4.35967302452316, 'Time': 5.449591280653951, 'History': 51.49863760217984, 'Home': 6.811989100817439, 'Dating': 3.5422343324250685}"
7d929a63-9aeb-43e3-b89a-42c42ef4bb64,"{'Pop': 15.555555555555555, 'Travel': 6.666666666666667, 'Art': 35.55555555555556, 'Rock': 4.444444444444445, 'Book': 4.444444444444445, 'Family': 6.666666666666667, 'Time': 6.666666666666667, 'Spring': 4.444444444444445, 'Dating': 11.11111111111111, 'Home': 4.444444444444445}"
b98d7e01-6242-427d-97f0-17d1bc7419fa,"{'Art': 5.025125628140704, 'Rock': 11.557788944723619, 'Love': 10.552763819095476, 'Work': 16.08040201005025, 'Family': 8.040201005025125, 'Time': 17.08542713567839, 'Fall': 10.552763819095476, 'Spring': 5.527638190954774, 'Home': 8.542713567839195, 'Sports': 7.035175879396985}"
8f12acfd-5bac-4155-bf27-21cb22dbcb2b,"{'Pop': 7.199999999999999, 'School': 8.0, 'Legacy': 9.6, 'Love': 13.600000000000001, 'Family': 14.399999999999999, 'Time': 5.6000000000000005, 'History': 7.199999999999999, 'Dating': 5.6000000000000005, 'Home': 12.8, 'Hell': 16.0}"
5a3e9ee7-7710-456f-bd0e-195a762af313,"{'Dream': 4.878048780487805, 'Love': 7.317073170731707, 'Book': 7.317073170731707, 'Diversity': 4.878048780487805, 'Work': 8.94308943089431, 'Family': 17.88617886178862, 'Change': 6.504065040650407, 'Home': 21.951219512195124, 'Dating': 8.130081300813007, 'Power': 12.195121951219512}"
ac8979c2-8aa0-424c-9560-82537e388780,"{'Teenager': 4.545454545454546, 'Book': 18.181818181818183, 'Love': 4.545454545454546, 'Diversity': 9.090909090909092, 'Work': 18.181818181818183, 'Time': 13.636363636363635, 'Change': 9.090909090909092, 'History': 9.090909090909092, 'Home': 9.090909090909092, 'Community': 4.545454545454546}"
fad76d76-8e01-4f78-92c1-65d188a244dd,"{'Royal': 5.555555555555555, 'Pop': 5.555555555555555, 'Rock': 3.3333333333333335, 'Horror': 51.388888888888886, 'Book': 6.388888888888888, 'Love': 2.5, 'Family': 4.722222222222222, 'Time': 9.444444444444445, 'Home': 6.388888888888888, 'Power': 4.722222222222222}"
69f8d379-cef4-4a4b-bb65-081e8a2712e2,"{'Royal': 15.942028985507244, 'Love': 13.043478260869565, 'Magic': 11.594202898550725, 'Fashion': 10.144927536231885, 'Diversity': 6.280193236714976, 'Fantasy': 5.797101449275362, 'Family': 10.628019323671497, 'Change': 8.695652173913043, 'History': 6.763285024154589, 'Home': 11.11111111111111}"
41181242-2709-4e10-bcda-27e7ec8f2032,"{'Adventure': 25.64102564102564, 'Book': 8.547008547008547, 'Discovery': 11.965811965811966, 'Family': 10.256410256410255, 'Classical': 6.837606837606838, 'History': 5.982905982905983, 'Identity': 8.547008547008547, 'Dating': 5.128205128205128, 'Home': 9.401709401709402, 'Power': 7.6923076923076925}"
426409ea-4785-458e-a0b6-f1038e81a10c,"{'Travel': 35.8974358974359, 'Art': 2.564102564102564, 'Love': 5.128205128205128, 'Work': 7.6923076923076925, 'Celebration': 2.564102564102564, 'Family': 2.564102564102564, 'Fall': 7.6923076923076925, 'Dating': 2.564102564102564, 'Power': 28.205128205128204, 'Sports': 5.128205128205128}"
f46fa2be-ba96-47cf-b1b4-8ac69bbdec72,"{'Pop': 11.11111111111111, 'Justice': 11.11111111111111, 'Teenager': 8.333333333333332, 'School': 11.11111111111111, 'War': 5.555555555555555, 'Time': 8.333333333333332, 'Home': 11.11111111111111, 'Dating': 5.555555555555555, 'Power': 19.444444444444446, 'Sports': 8.333333333333332}"
4d65a223-535f-4e62-a67b-b0a9ecaa052a,"{'Book': 12.82051282051282, 'Love': 3.8461538461538463, 'Diversity': 5.128205128205128, 'Family': 17.94871794871795, 'Time': 12.179487179487179, 'Change': 5.128205128205128, 'History': 5.769230769230769, 'Home': 19.871794871794872, 'Dating': 7.051282051282051, 'Power': 10.256410256410255}"
70bbb75f-6a32-4c57-bf0f-8c6d8c1bc585,"{'Travel': 7.142857142857142, 'School': 7.142857142857142, 'Rock': 7.142857142857142, 'Love': 11.904761904761903, 'Work': 9.523809523809524, 'Family': 11.904761904761903, 'Fall': 11.904761904761903, 'Home': 19.047619047619047, 'Dating': 7.142857142857142, 'Sports': 7.142857142857142}"
0ea6aa86-90a9-4b24-863b-d7876c036154,"{'Teenager': 4.166666666666666, 'Rock': 12.5, 'Love': 12.5, 'Book': 4.166666666666666, 'Work': 16.666666666666664, 'Family': 12.5, 'Time': 16.666666666666664, 'Fall': 8.333333333333332, 'Home': 8.333333333333332, 'Power': 4.16666666666668}"
e917e044-afad-44e1-9d69-89fd31d5dccf,"{'Pop': 10.909090909090908, 'Leadership': 17.272727272727273, 'School': 14.545454545454545, 'Book': 7.2727272727272725, 'Love': 6.363636363636363, 'Crime': 20.0, 'Change': 7.2727272727272725, 'Hope': 6.363636363636363, 'Power': 4.545454545454546, 'Sports': 5.454545454545454}"
3aea644f-087c-4326-8f75-d9b5cd3909d8,"{'Pop': 2.6627218934911245, 'Book': 6.508875739644971, 'Love': 5.9171597633136095, 'Diversity': 3.8461538461538463, 'Family': 19.526627218934912, 'Time': 14.201183431952662, 'Change': 6.508875739644971, 'History': 10.946745562130179, 'Home': 23.076923076923077, 'Power': 6.804733727810651}"
2ad70c89-96c2-4e7b-95ae-abf8673a7fc6,"{'Friendship': 27.579365079365083, 'Book': 2.380952380952381, 'Magic': 26.984126984126984, 'Work': 6.746031746031746, 'Discovery': 6.547619047619048, 'Family': 8.134920634920634, 'Fall': 6.944444444444445, 'Time': 3.1746031746031744, 'History': 3.1746031746031744, 'Home': 8.333333333333332}"
ff7562dc-53e9-4781-bcc3-4b711642dc6b,"{'Pop': 3.041825095057034, 'School': 54.752851711026615, 'Book': 4.182509505703422, 'Magic': 3.041825095057034, 'Work': 8.745247148288973, 'Family': 6.844106463878327, 'Time': 4.562737642585551, 'Fall': 3.041825095057034, 'Home': 8.745247148288973, 'Dating': 3.041825095057034}"
44900232-732c-4dff-b246-fb69c2a49a4f,"{'Pop': 4.310344827586207, 'Travel': 7.327586206896551, 'Book': 16.379310344827587, 'Love': 6.4655172413793105, 'Magic': 6.896551724137931, 'Family': 19.82758620689655, 'Time': 6.4655172413793105, 'Home': 21.551724137931032, 'Humor': 6.4655172413793105, 'Power': 4.310344827586207}"
4e6f84cf-93f6-4a77-a521-8e48b08b9923,"{'Nature': 3.293413173652695, 'Leadership': 5.9880239520958085, 'Pride': 7.48502994011976, 'Love': 7.48502994011976, 'Family': 4.491017964071856, 'Revange': 9.281437125748502, 'Sacrifice': 3.592814371257485, 'Home': 6.88622754491018, 'Tragedy': 4.790419161676647, 'Power': 46.706586826347305}"
9e90da8f-2068-4035-a3bb-3f2f0316ff1e,"{'Heaven': 4.444444444444445, 'Travel': 8.88888888888889, 'Book': 11.11111111111111, 'Love': 6.666666666666667, 'Work': 15.555555555555555, 'Time': 8.88888888888889, 'Sacrifice': 13.333333333333334, 'Spring': 13.333333333333334, 'God': 6.666666666666667, 'Home': 11.11111111111111}"
64e093c4-1dd4-4032-9568-1f1ed1ec1bb6,"{'School': 6.593406593406594, 'Love': 15.934065934065933, 'Book': 9.340659340659341, 'Work': 20.32967032967033, 'Family': 8.791208791208792, 'Fall': 9.89010989010989, 'Time': 6.043956043956044, 'Home': 12.087912087912088, 'Power': 5.4945054945054945, 'Sports': 5.4945054945054945}"
f5f6db71-c1f4-4da0-b0d9-8e06f33f18aa,"{'Travel': 4.0, 'Adventure': 8.799999999999999, 'Growth': 7.199999999999999, 'Family': 15.2, 'Time': 13.600000000000001, 'History': 5.6000000000000005, 'Dating': 4.0, 'Home': 15.2, 'Survival': 10.4, 'Power': 16.0}"
8229daa2-3a11-4115-9987-8707c4cdc483,"{'Travel': 4.883720930232558, 'Love': 41.86046511627907, 'Fashion': 4.4186046511627906, 'War': 9.30232558139535, 'Family': 6.279069767441861, 'Classical': 4.186046511627907, 'Change': 5.348837209302325, 'Revenge': 6.976744186046512, 'Home': 8.837209302325581, 'Power': 7.906976744186046}"
344ad71c-8152-443a-ac86-cebf32ff5a88,"{'Pop': 5.0, 'Travel': 13.333333333333334, 'Rock': 3.3333333333333335, 'Book': 6.666666666666667, 'Work': 33.33333333333333, 'Discovery': 5.0, 'Family': 10.0, 'Time': 6.666666666666667, 'Fall': 6.666666666666667, 'Home': 10.0}"
5e9e32a0-7a9b-4f45-b1fe-ae769d4a25f5,"{'School': 7.216494845360824, 'Book': 9.278350515463918, 'Work': 19.587628865979383, 'Discovery': 7.216494845360824, 'Family': 11.34020618556701, 'Time': 13.402061855670103, 'Fall': 6.185567010309279, 'History': 6.185567010309279, 'Home': 12.371134020618557, 'Sports': 7.216494845360824}"
813ed335-7c75-4eca-9428-698fd2053eb4,"{'Dream': 4.411764705882353, 'Love': 6.61764705882353, 'Diversity': 11.029411764705882, 'Family': 13.23529411764706, 'Change': 11.76470588235294, 'History': 13.970588235294118, 'Home': 16.176470588235293, 'Dating': 6.61764705882353, 'Power': 11.76470588235294, 'Community': 4.411764705882353}"
0c692865-02ad-4644-af31-0366454e46cb,"{'Dream': 5.9880239520958085, 'School': 10.778443113772456, 'Adventure': 5.389221556886228, 'Magic': 20.958083832335326, 'Work': 8.383233532934131, 'Family': 14.97005988023952, 'Time': 8.383233532934131, 'Fall': 7.784431137724551, 'Change': 5.389221556886228, 'Home': 11.976047904191617}"
c81f714a-b5a7-43e6-97a3-59b920cb1c37,"{'Pop': 5.211726384364821, 'Travel': 5.863192182410423, 'Art': 6.188925081433225, 'Adventure': 5.211726384364821, 'Book': 7.491856677524431, 'Family': 9.77198697068404, 'Time': 12.052117263843648, 'History': 17.91530944625407, 'Home': 9.77198697068404, 'Power': 20.521172638436482}"
4103317a-33a1-41c7-955a-4c06d4e64c2f,"{'Teenager': 35.11450381679389, 'Travel': 4.580152671755725, 'School': 4.580152671755725, 'Rock': 5.343511450381679, 'Love': 6.106870229007633, 'Work': 9.923664122137405, 'Family': 5.343511450381679, 'Fall': 14.50381679389313, 'History': 5.343511450381679, 'Home': 9.16030534351145}"
cf2bec4c-bb8e-41ca-9e77-514508f0466d,"{'Pop': 12.941176470588237, 'Travel': 14.117647058823529, 'Rock': 4.705882352941177, 'Love': 16.470588235294116, 'Discovery': 5.88235294117647, 'Family': 9.411764705882353, 'Time': 7.0588235294117645, 'Change': 5.88235294117647, 'Home': 17.647058823529413, 'God': 5.88235294117647}"
ba5fc0fd-7af2-4276-880a-f85b12b92d5b,"{'Teenager': 16.666666666666664, 'Pop': 5.0, 'School': 6.666666666666667, 'Rock': 5.0, 'Work': 18.333333333333332, 'Family': 11.666666666666666, 'Fall': 13.333333333333334, 'Spring': 5.0, 'Home': 13.333333333333334, 'Dating': 5.0}"
b66694de-875d-4f36-a26b-886b8567ff76,"{'Travel': 12.068965517241379, 'Love': 5.172413793103448, 'Magic': 6.0344827586206895, 'Work': 17.24137931034483, 'Family': 14.655172413793101, 'Fall': 9.482758620689655, 'Change': 6.0344827586206895, 'History': 6.0344827586206895, 'Home': 15.517241379310345, 'Power': 7.758620689655173}"
4e222ea8-82ab-4314-b2b0-ef464c66a8f0,"{'Travel': 8.812260536398467, 'Adventure': 5.747126436781609, 'Fashion': 5.747126436781609, 'Work': 19.157088122605366, 'Time': 9.961685823754788, 'Fall': 9.195402298850574, 'History': 6.896551724137931, 'Home': 8.42911877394636, 'Power': 16.091954022988507, 'Sports': 9.961685823754788}"
72a30d69-86f0-40d8-8ced-5729c74d8400,"{'Leadership': 5.457463884430177, 'Love': 6.420545746388442, 'Work': 22.792937399678973, 'Family': 10.593900481540931, 'Politics': 6.260032102728733, 'Time': 7.54414125200642, 'History': 12.199036918138042, 'Home': 13.804173354735152, 'Power': 9.149277688603531, 'Revolution': 5.778491171749598}"
5953ab09-8890-4cd3-bd65-bf11c33ac82b,"{'Pop': 8.108108108108109, 'Travel': 12.612612612612612, 'School': 8.108108108108109, 'Adventure': 5.405405405405405, 'Magic': 8.108108108108109, 'Work': 13.513513513513514, 'Family': 18.91891891891892, 'Time': 5.405405405405405, 'Home': 10.81081081081081, 'Power': 9.00900900900901}"
a1a5ea08-1428-4e10-b741-4718efe03c31,"{'Pop': 5.617977528089887, 'Rap': 4.49438202247191, 'Travel': 8.98876404494382, 'School': 5.617977528089887, 'Book': 16.853932584269664, 'Love': 7.865168539325842, 'Family': 5.617977528089887, 'Time': 6.741573033707865, 'History': 24.719101123595504, 'Home': 13.48314606741573}"
1b8b4bcd-e26d-42cb-bb52-7aa8b4e989da,"{'Pop': 8.16326530612245, 'Royal': 4.081632653061225, 'Love': 9.183673469387756, 'Diversity': 11.224489795918368, 'Family': 14.285714285714285, 'Time': 6.122448979591836, 'Change': 12.244897959183673, 'Home': 12.244897959183673, 'Dating': 5.1020408163265305, 'Power': 17.346938775510203}"
bd800331-6a38-49bf-8e39-0cdd7b1ce715,"{'Pop': 8.24742268041237, 'Love': 35.051546391752574, 'Book': 7.216494845360824, 'Family': 7.216494845360824, 'Time': 11.34020618556701, 'Change': 7.216494845360824, 'History': 5.154639175257731, 'Home': 6.185567010309279, 'Dating': 6.185567010309279, 'Power': 6.185567010309279}"
95fbb896-137f-4ba5-b2cd-9150be76d01a,"{'Pop': 6.0606060606060606, 'Book': 12.878787878787879, 'Love': 6.0606060606060606, 'Work': 18.939393939393938, 'Family': 10.606060606060606, 'Fall': 9.090909090909092, 'Time': 8.333333333333332, 'History': 6.8181818181818175, 'Home': 12.121212121212121, 'Power': 9.090909090909092}"
71307f6a-7b6d-4ee5-a71e-d3f64bb0776d,"{'Justice': 24.727272727272727, 'Pop': 4.7272727272727275, 'Royal': 4.7272727272727275, 'Love': 9.090909090909092, 'Book': 4.7272727272727275, 'Family': 11.272727272727273, 'Time': 7.2727272727272725, 'History': 6.545454545454546, 'Home': 21.454545454545453, 'Hope': 5.454545454545454}"
013f776a-1f94-4371-9327-d37821b89292,"{'Travel': 6.60377358490566, 'Love': 9.433962264150944, 'Book': 3.7735849056603774, 'Fashion': 3.7735849056603774, 'Work': 14.150943396226415, 'Family': 22.641509433962266, 'Fall': 5.660377358490567, 'Time': 3.7735849056603774, 'Home': 27.358490566037734, 'Sports': 2.8301886792452833}"
3b066ce9-fccf-42b7-a781-18c44a4c7a34,"{'Travel': 6.424581005586592, 'School': 27.6536312849162, 'Rock': 35.47486033519553, 'Love': 5.865921787709497, 'Book': 2.2346368715083798, 'Family': 5.027932960893855, 'Summer': 2.793296089385475, 'Time': 7.5418994413407825, 'Change': 3.072625698324022, 'Home': 3.910614525139665}"
c1c6d9dc-7494-4ea4-bdcc-66a857cd6fee,"{'Pop': 5.263157894736842, 'Travel': 7.368421052631578, 'School': 16.842105263157894, 'Love': 27.368421052631582, 'Book': 7.368421052631578, 'Family': 5.263157894736842, 'Dating': 10.526315789473683, 'Home': 5.263157894736842, 'Power': 8.421052631578947, 'Hope': 6.315789473684211}"
576eda8d-44ec-4ef7-a1c4-bd000e73d60b,"{'Pop': 8.333333333333332, 'Love': 8.333333333333332, 'Book': 4.761904761904762, 'Work': 11.904761904761903, 'Family': 13.095238095238097, 'Fall': 8.333333333333332, 'History': 15.476190476190476, 'Spring': 5.952380952380952, 'Dating': 11.904761904761903, 'Home': 11.904761904761903}"
c0f581fe-793c-4853-937d-b3aa0884b6e5,"{'Pop': 3.546099290780142, 'Heaven': 13.47517730496454, 'Winter': 6.382978723404255, 'Book': 4.25531914893617, 'Love': 3.546099290780142, 'Family': 14.184397163120568, 'Time': 3.546099290780142, 'History': 30.49645390070922, 'Dating': 2.8368794326241136, 'Home': 17.73049645390071}"
243065ad-ce36-441f-912b-a3e6dd10404d,"{'Love': 8.21917808219178, 'Diversity': 11.643835616438356, 'Discovery': 7.534246575342466, 'Work': 17.80821917808219, 'Isolation': 6.8493150684931505, 'Time': 10.273972602739725, 'Change': 12.32876712328767, 'History': 6.8493150684931505, 'Home': 9.58904109589041, 'Power': 8.904109589041095}"
c922b831-f1e0-4bcb-af1d-7c846e92bc7d,"{'Love': 7.865168539325842, 'Fashion': 4.49438202247191, 'Work': 19.101123595505616, 'Discovery': 8.98876404494382, 'Family': 14.606741573033707, 'War': 8.98876404494382, 'Fall': 6.741573033707865, 'Spring': 4.49438202247191, 'Home': 20.224719101123593, 'Hope': 4.49438202247191}"
689f76d0-8c19-4ce5-a45f-6db767762814,"{'Travel': 4.030226700251889, 'Love': 6.045340050377834, 'Book': 1.5113350125944585, 'Work': 10.579345088161208, 'Family': 32.7455919395466, 'Time': 3.27455919395466, 'Fall': 2.770780856423174, 'Home': 36.02015113350126, 'Hope': 1.2594458438287155, 'Sports': 1.7632241813602016}"
6158aa5d-5a4b-4715-b759-9b008f6a9723,"{'Pop': 8.823529411764707, 'Rock': 11.76470588235294, 'Love': 18.627450980392158, 'Book': 15.686274509803921, 'Fashion': 4.901960784313726, 'Family': 9.803921568627452, 'Time': 7.8431372549019605, 'Change': 5.88235294117647, 'Spring': 5.88235294117647, 'Home': 10.784313725490197}"
28b10b3e-c35d-48a0-9e22-b4aa7bcf5b2e,"{'Royal': 46.63865546218487, 'Love': 5.042016806722689, 'Diversity': 6.302521008403361, 'Work': 8.823529411764707, 'Family': 4.621848739495799, 'Change': 6.722689075630252, 'Home': 5.46218487394958, 'Dating': 3.7815126050420167, 'Power': 6.302521008403361, 'Sports': 6.302521008403361}"
d07c3e2c-4ea3-4cbd-a581-104e0b8d370a,"{'Pop': 6.6115702479338845, 'Travel': 5.785123966942149, 'Love': 14.87603305785124, 'Book': 5.785123966942149, 'Work': 18.181818181818183, 'Family': 9.917355371900827, 'Fall': 10.743801652892563, 'History': 5.785123966942149, 'Home': 14.049586776859504, 'Hope': 8.264462809917356}"
8b49ccee-7020-4fa7-8577-df8d49db14bd,"{'Travel': 5.47945205479452, 'Adventure': 4.794520547945205, 'Book': 4.794520547945205, 'Fashion': 6.8493150684931505, 'Work': 26.027397260273972, 'Family': 13.013698630136986, 'War': 9.58904109589041, 'Time': 7.534246575342466, 'History': 9.58904109589041, 'Home': 12.32876712328767}"
474f079b-f1de-4ea2-908a-cccf3d958430,"{'Book': 7.835820895522389, 'Magic': 5.223880597014925, 'Work': 10.44776119402985, 'Family': 7.462686567164178, 'Time': 14.55223880597015, 'Fall': 7.462686567164178, 'History': 10.074626865671641, 'Home': 9.701492537313433, 'Power': 15.298507462686567, 'Sports': 11.940298507462686}"
5b51d075-c023-4c1d-8aaf-272673c2a491,"{'Pop': 13.559322033898304, 'Rock': 5.084745762711865, 'Drama': 11.864406779661017, 'Music': 5.084745762711865, 'Love': 10.16949152542373, 'Work': 25.423728813559322, 'Family': 6.779661016949152, 'Time': 8.47457627118644, 'Change': 3.389830508474576, 'Dating': 10.16949152542373}"
cd50e47d-5d45-4b08-82bd-d3000cce6eba,"{'Travel': 5.357142857142857, 'Book': 44.642857142857146, 'Love': 16.964285714285715, 'Magic': 3.571428571428571, 'Family': 5.357142857142857, 'Time': 3.571428571428571, 'History': 8.928571428571429, 'Spring': 2.6785714285714284, 'Home': 5.357142857142857, 'Power': 3.571428571428571}"
17ca7189-21e4-4165-a44c-76c5c2b38d9a,"{'Royal': 6.122448979591836, 'Fairytale': 6.63265306122449, 'Book': 7.908163265306123, 'Love': 8.16326530612245, 'Fantasy': 20.918367346938776, 'Family': 11.73469387755102, 'Time': 12.244897959183673, 'Change': 8.673469387755102, 'Home': 11.479591836734695, 'Power': 6.122448979591836}"
e081e578-a294-4ac0-9c70-61176b78658a,"{'Rap': 4.040404040404041, 'Love': 5.05050505050505, 'Diversity': 8.080808080808081, 'Work': 15.151515151515152, 'Family': 13.131313131313133, 'Change': 14.14141414141414, 'Home': 11.11111111111111, 'Dating': 8.080808080808081, 'Power': 12.121212121212121, 'Sports': 9.090909090909092}"
380ea243-47e4-4779-9a63-3112166721ed,"{'Dream': 5.325443786982249, 'Fairytale': 12.42603550295858, 'Love': 7.100591715976331, 'Magic': 7.100591715976331, 'Fantasy': 5.9171597633136095, 'Family': 8.284023668639055, 'Mythology': 12.42603550295858, 'Ocean': 10.650887573964498, 'Home': 10.059171597633137, 'Power': 20.710059171597635}"
41dabf9c-e99b-45dd-a62b-500624b9f06b,"{'Dream': 6.043956043956044, 'Love': 12.087912087912088, 'Book': 6.043956043956044, 'Fashion': 4.945054945054945, 'Family': 8.241758241758241, 'Time': 18.681318681318682, 'History': 7.142857142857142, 'Home': 10.43956043956044, 'Dating': 7.6923076923076925, 'Power': 18.681318681318682}"
1cdcbcff-02e8-4988-864b-cdc4794618e0,"{'Travel': 6.578947368421052, 'Diversity': 35.526315789473685, 'Family': 7.894736842105263, 'Faith': 3.9473684210526314, 'Time': 13.157894736842104, 'History': 7.894736842105263, 'Spring': 5.263157894736842, 'Dating': 6.578947368421052, 'Home': 7.894736842105263, 'Revolution': 5.263157894736842}"
3d70d601-200d-4d5b-9a0d-290176e10f96,"{'Friendship': 7.0588235294117645, 'School': 4.705882352941177, 'Growth': 4.705882352941177, 'Book': 5.88235294117647, 'Work': 20.0, 'Family': 17.647058823529413, 'Change': 7.0588235294117645, 'Sacrifice': 5.88235294117647, 'History': 4.705882352941177, 'Home': 22.35294117647059}"
1e99a35d-6209-462b-9b66-1c73ef036ddf,"{'Pop': 7.0588235294117645, 'Love': 16.470588235294116, 'Book': 9.411764705882353, 'Fashion': 7.0588235294117645, 'Family': 9.411764705882353, 'Time': 10.588235294117647, 'Change': 11.76470588235294, 'History': 10.588235294117647, 'Home': 10.588235294117647, 'Dating': 7.0588235294117645}"
4bf82d0b-a779-4c1b-96c4-01134da9a4bd,"{'Pop': 13.88888888888889, 'Rock': 6.944444444444445, 'Disco': 6.944444444444445, 'Book': 15.277777777777779, 'Love': 8.333333333333332, 'Diversity': 9.722222222222223, 'Time': 15.277777777777779, 'Change': 11.11111111111111, 'Spring': 5.555555555555555, 'Home': 6.944444444444445}"
f236a0cd-fc68-4448-ada2-5ba03c2727f6,"{'Travel': 5.825242718446602, 'School': 5.825242718446602, 'Adventure': 10.679611650485436, 'Magic': 8.737864077669903, 'Work': 10.679611650485436, 'Family': 13.592233009708737, 'Fall': 9.70873786407767, 'Home': 16.50485436893204, 'Power': 10.679611650485436, 'Sports': 7.766990291262135}"
3c98c2d9-41a0-44a6-8a2c-7a83afc35737,"{'Dream': 5.9880239520958085, 'School': 10.778443113772456, 'Adventure': 5.389221556886228, 'Magic': 20.958083832335326, 'Work': 8.383233532934131, 'Family': 14.97005988023952, 'Time': 8.383233532934131, 'Fall': 7.784431137724551, 'Change': 5.389221556886228, 'Home': 11.976047904191617}"
ba84ab1b-50dc-45d0-b473-9096e82596fa,"{'Pop': 12.82051282051282, 'Horror': 6.837606837606838, 'Love': 7.6923076923076925, 'Fashion': 6.837606837606838, 'Family': 6.837606837606838, 'Time': 22.22222222222222, 'History': 7.6923076923076925, 'Home': 10.256410256410255, 'Dating': 5.982905982905983, 'Power': 12.82051282051282}"
87493555-ae2d-4674-977f-7337034ccbfd,"{'Rap': 4.672897196261682, 'Travel': 6.5420560747663545, 'School': 26.168224299065418, 'Adventure': 28.037383177570092, 'Love': 5.607476635514018, 'Family': 7.476635514018691, 'Spring': 3.7383177570093453, 'Home': 7.476635514018691, 'Dating': 7.476635514018691, 'Power': 2.8037383177570234}"
13ab2c25-3dca-4a58-9ab1-9eb5be57b40d,"{'Pop': 10.465116279069768, 'Travel': 8.13953488372093, 'Adventure': 5.813953488372093, 'Love': 5.813953488372093, 'Work': 25.581395348837212, 'Family': 8.13953488372093, 'Time': 13.953488372093023, 'Fall': 8.13953488372093, 'Change': 5.813953488372093, 'Home': 8.13953488372093}"
0e852d37-6c5b-44ea-8f53-87864fd7fba7,"{'Travel': 10.126582278481013, 'Discovery': 5.063291139240507, 'Family': 16.455696202531644, 'Time': 13.924050632911392, 'Faith': 5.063291139240507, 'History': 13.924050632911392, 'Spring': 11.39240506329114, 'Home': 12.658227848101266, 'Dating': 6.329113924050633, 'Hope': 5.063291139240507}"
a45c16e0-2b18-42cf-a057-ec27ce78bb45,"{'Art': 9.686609686609685, 'Adventure': 9.401709401709402, 'Book': 11.396011396011396, 'Magic': 17.94871794871795, 'Family': 7.4074074074074066, 'Time': 15.384615384615385, 'Fall': 6.552706552706552, 'History': 8.262108262108262, 'Home': 7.6923076923076925, 'Power': 6.267806267806268}"
51aed6fb-6632-4585-9401-540a6ef38366,"{'Travel': 8.47457627118644, 'Book': 10.16949152542373, 'Love': 6.779661016949152, 'Work': 18.64406779661017, 'Time': 11.864406779661017, 'History': 8.47457627118644, 'Home': 11.864406779661017, 'Dating': 3.389830508474576, 'Power': 11.864406779661017, 'Sports': 8.47457627118644}"
252e643f-6be0-4a5b-8a6b-f62e2fc8bce9,"{'School': 8.695652173913043, 'Book': 6.521739130434782, 'Magic': 9.782608695652174, 'Work': 15.217391304347828, 'Family': 11.956521739130435, 'Fall': 17.391304347826086, 'Change': 7.608695652173914, 'Spring': 6.521739130434782, 'Home': 10.869565217391305, 'Power': 5.434782608695652}"
f865189f-2598-4ce3-86cf-0614bf37ebb7,"{'Rock': 5.747126436781609, 'Book': 9.770114942528735, 'Love': 6.896551724137931, 'Family': 20.114942528735632, 'Time': 14.367816091954023, 'Change': 5.747126436781609, 'Spring': 4.022988505747127, 'Home': 21.839080459770116, 'Dating': 5.747126436781609, 'Hope': 5.747126436781609}"
5d5b2745-6202-4ac3-b2da-fb7fdc5c97f9,"{'Teenager': 6.172839506172839, 'School': 7.4074074074074066, 'Magic': 11.11111111111111, 'Work': 16.049382716049383, 'Family': 13.580246913580247, 'Fall': 13.580246913580247, 'Spring': 6.172839506172839, 'History': 6.172839506172839, 'Home': 12.345679012345679, 'Power': 7.4074074074074066}"
65d027ce-62cf-4323-9a4c-d8c61b6ec112,"{'Adventure': 3.5999999999999996, 'Pride': 22.400000000000002, 'Love': 5.6000000000000005, 'Work': 6.800000000000001, 'Family': 6.0, 'Fall': 8.0, 'Time': 5.2, 'Change': 3.5999999999999996, 'Home': 6.800000000000001, 'Power': 32.0}"
6a763247-35a4-4739-82c7-16b327e91dcb,"{'Pop': 8.333333333333332, 'Travel': 5.55555555555557, 'Love': 8.333333333333332, 'Family': 11.11111111111111, 'Time': 5.555555555555555, 'Change': 5.555555555555555, 'History': 11.11111111111111, 'Dating': 16.666666666666664, 'Home': 11.11111111111111, 'Power': 16.666666666666664}"
19c8e996-127f-4ae8-846a-0ff87cbfbaef,"{'Travel': 11.30952380952381, 'Adventure': 11.904761904761903, 'Love': 9.523809523809524, 'Work': 16.666666666666664, 'Family': 8.928571428571429, 'History': 7.738095238095238, 'Home': 8.333333333333332, 'Dating': 7.142857142857142, 'Power': 6.547619047619048, 'Sports': 11.904761904761903}"
441d504e-56b1-4d1b-b7ff-8255bac12e64,"{'Royal': 29.245283018867923, 'Travel': 3.7735849056603774, 'Love': 9.90566037735849, 'Work': 18.39622641509434, 'Family': 7.0754716981132075, 'Time': 6.132075471698113, 'Fall': 3.7735849056603774, 'Home': 13.20754716981132, 'God': 4.245283018867925, 'Power': 4.245283018867925}"
1bc40f7d-6814-4614-b29c-939267de367a,"{'Travel': 7.518796992481203, 'Love': 6.7669172932330826, 'Work': 18.796992481203006, 'Family': 13.533834586466165, 'Fall': 17.293233082706767, 'Time': 5.263157894736842, 'History': 8.270676691729323, 'Home': 13.533834586466165, 'Tragedy': 4.511278195488721, 'Dating': 4.511278195488721}"
f6f5b07c-4cec-4a20-ba69-7b4056a9c9c5,"{'Pop': 11.11111111111111, 'School': 5.555555555555555, 'Rock': 5.555555555555555, 'Work': 12.037037037037036, 'Family': 15.74074074074074, 'Fall': 5.555555555555555, 'Home': 18.51851851851852, 'Dating': 7.4074074074074066, 'Power': 12.962962962962962, 'Sports': 5.555555555555555}"
2b333b7a-f2ac-4d49-a51a-ce284a6d3288,"{'Travel': 6.0, 'School': 12.0, 'Rock': 6.0, 'Work': 14.000000000000002, 'Discovery': 6.0, 'Family': 10.0, 'Fall': 22.0, 'Spring': 8.0, 'Home': 8.0, 'Power': 8.0}"
b3e07857-0555-438b-913c-8346ad789aef,"{'Pop': 8.928571428571429, 'Growth': 5.357142857142857, 'Book': 8.928571428571429, 'Love': 8.928571428571429, 'Discovery': 3.571428571428571, 'Time': 17.857142857142858, 'History': 10.714285714285714, 'Home': 12.5, 'Dating': 7.142857142857142, 'Power': 16.071428571428573}"
bf3758d4-6982-4603-a9b4-5bb54a31d243,"{'Royal': 5.797101449275362, 'Fairytale': 10.144927536231885, 'Book': 7.246376811594203, 'Love': 7.608695652173914, 'Family': 11.956521739130435, 'Time': 8.333333333333332, 'Change': 5.434782608695652, 'History': 8.333333333333332, 'Home': 13.405797101449277, 'Tragedy': 21.73913043478261}"
2476ec8f-be48-40c9-82e6-8706ffc349df,"{'Book': 7.000000000000001, 'Diversity': 5.5, 'Work': 12.5, 'Family': 6.0, 'Time': 6.0, 'Change': 7.5, 'History': 15.5, 'Home': 6.0, 'Power': 28.499999999999996, 'Sports': 5.5}"
077f288b-ea3a-461b-a4f3-18f79e66aa6a,"{'Dream': 5.46875, 'Rock': 4.6875, 'Love': 25.0, 'Book': 10.15625, 'Fashion': 4.6875, 'Work': 20.3125, 'Family': 6.25, 'Fall': 7.8125, 'Home': 8.59375, 'Power': 7.03125}"
006143d7-224e-4997-9d75-313c2cd16290,"{'Pop': 11.11111111111111, 'Travel': 4.938271604938271, 'Art': 14.814814814814813, 'Diversity': 11.11111111111111, 'Celebration': 8.641975308641975, 'Family': 9.876543209876543, 'Time': 7.4074074074074066, 'Change': 11.11111111111111, 'Dating': 11.11111111111111, 'Home': 9.876543209876543}"
d4855914-a7d9-4559-b051-0609cfb52c0b,"{'Pride': 12.595419847328243, 'Love': 8.015267175572518, 'Book': 6.488549618320611, 'Work': 23.282442748091604, 'Time': 9.923664122137405, 'Fall': 9.16030534351145, 'Change': 5.343511450381679, 'History': 10.305343511450381, 'Home': 4.580152671755725, 'Sports': 10.305343511450381}"
9d3ec87c-b38b-4d8b-8532-06a420588989,"{'School': 7.8431372549019605, 'Book': 11.76470588235294, 'Love': 7.8431372549019605, 'Work': 19.607843137254903, 'Family': 5.88235294117647, 'Fall': 15.686274509803921, 'Time': 9.803921568627452, 'History': 5.88235294117647, 'Dating': 9.803921568627452, 'God': 5.88235294117647}"
c4d738ed-15e2-49b2-b574-dd66cb4a858a,"{'Teenager': 2.719033232628399, 'School': 48.036253776435046, 'Love': 3.3232628398791544, 'Diversity': 3.927492447129909, 'Work': 7.552870090634441, 'Family': 9.06344410876133, 'Fall': 7.250755287009064, 'Change': 4.833836858006042, 'Home': 9.667673716012084, 'Sports': 3.625377643504532}"
499dcffd-5a10-4db3-82f0-a82feae3f297,"{'School': 16.417910447761194, 'Love': 10.44776119402985, 'Work': 10.44776119402985, 'Family': 8.955223880597014, 'Fall': 16.417910447761194, 'Change': 7.462686567164178, 'Spring': 5.970149253731343, 'Home': 11.940298507462686, 'Dating': 7.462686567164178, 'Power': 4.477611940298507}"
133f8ad4-6f06-4dcc-8263-022d15880429,"{'Travel': 6.030150753768844, 'Book': 6.532663316582915, 'Love': 6.030150753768844, 'Work': 17.587939698492463, 'Family': 3.5175879396984926, 'Fall': 4.522613065326634, 'Spring': 3.015075376884422, 'Home': 5.025125628140704, 'Power': 42.211055276381906, 'Sports': 5.527638190954774}"
90e3c24b-693f-47dd-9beb-8dd8d88804b1,"{'Pop': 6.122448979591836, 'Travel': 10.204081632653061, 'Love': 4.081632653061225, 'Work': 36.734693877551024, 'Family': 4.081632653061225, 'Classical': 6.122448979591836, 'Fall': 6.122448979591836, 'Home': 4.081632653061225, 'Dating': 4.081632653061225, 'Sports': 18.367346938775512}"
bdef6543-4d22-45e2-8043-d0aea0c1e646,"{'Travel': 6.25, 'Rock': 5.0, 'Love': 20.0, 'Book': 16.25, 'Family': 10.0, 'Time': 7.5, 'Spring': 8.75, 'Home': 16.25, 'Dating': 5.0, 'Power': 5.0}"
bbc2cbc0-5c06-4494-a6d7-49b758564335,"{'Pop': 6.25, 'School': 5.357142857142857, 'Book': 12.5, 'Love': 5.803571428571429, 'Family': 8.035714285714286, 'Time': 11.160714285714286, 'Change': 6.25, 'History': 16.071428571428573, 'Home': 10.714285714285714, 'Power': 17.857142857142858}"
44341d38-a5d6-4e34-b305-48b2b4d32705,"{'Love': 9.375, 'Book': 6.25, 'Work': 12.5, 'Family': 12.5, 'War': 3.125, 'Faith': 15.625, 'Time': 15.625, 'Fall': 9.375, 'Home': 9.375, 'Dating': 6.25}"
a5f57985-740d-4892-9c58-a37efe9d9ab6,"{'Rap': 18.666666666666668, 'Travel': 2.666666666666667, 'School': 5.333333333333334, 'Horror': 4.0, 'Love': 5.333333333333334, 'Family': 12.0, 'Time': 20.0, 'Home': 12.0, 'Dating': 5.333333333333334, 'Power': 14.666666666666666}"
905c5ee7-9ce8-490e-9899-264873cb3cf3,"{'Travel': 6.8181818181818175, 'School': 9.090909090909092, 'Winter': 9.090909090909092, 'Love': 22.727272727272727, 'Book': 11.363636363636363, 'Family': 6.8181818181818175, 'Time': 11.363636363636363, 'Change': 9.090909090909092, 'History': 4.545454545454546, 'Home': 9.090909090909092}"
a2f6544c-edb3-4320-8d46-3af6e27b986e,"{'School': 43.18181818181818, 'Book': 5.681818181818182, 'Work': 11.363636363636363, 'Family': 6.8181818181818175, 'Time': 3.977272727272727, 'Change': 3.977272727272727, 'Spring': 4.545454545454546, 'Home': 7.954545454545454, 'Power': 6.25, 'Sports': 6.25}"
53aeea25-30bb-496e-90a2-edae49fb6159,"{'Travel': 9.473684210526317, 'School': 7.368421052631578, 'Rock': 17.894736842105264, 'Love': 12.631578947368421, 'Book': 11.578947368421053, 'Family': 6.315789473684211, 'Time': 12.631578947368421, 'History': 10.526315789473683, 'Home': 6.315789473684211, 'Dating': 5.263157894736842}"
f8fab780-55d0-4809-95ed-2d8a5cae5a29,"{'Travel': 8.333333333333346, 'Book': 8.333333333333332, 'Work': 25.0, 'Family': 8.333333333333332, 'Time': 16.666666666666664, 'History': 8.333333333333332, 'Spring': 8.333333333333332, 'Sports': 16.666666666666664}"
b977bc73-5643-4821-b5e0-e6d99990c536,"{'Travel': 5.47945205479452, 'Adventure': 26.027397260273972, 'Rock': 5.47945205479452, 'Magic': 7.534246575342466, 'Work': 6.8493150684931505, 'Family': 13.013698630136986, 'Fall': 7.534246575342466, 'Home': 12.32876712328767, 'Dating': 4.794520547945205, 'Power': 10.95890410958904}"
e3d35631-2239-4e4d-949e-a118340e96c1,"{'Travel': 8.0, 'Adventure': 11.555555555555555, 'Love': 5.333333333333334, 'Work': 19.555555555555557, 'Family': 8.0, 'Time': 4.888888888888889, 'History': 21.777777777777775, 'Home': 6.666666666666667, 'Power': 7.555555555555555, 'Sports': 6.666666666666667}"
bc0cc735-f7ca-4e88-9805-e26bd561a151,"{'Dream': 5.64516129032258, 'Art': 12.903225806451612, 'Book': 7.258064516129033, 'Love': 4.56989247311828, 'Magic': 6.989247311827956, 'Family': 11.021505376344086, 'Time': 12.365591397849462, 'History': 14.24731182795699, 'Home': 12.365591397849462, 'Power': 12.634408602150538}"
0fe279c8-3d10-4bb0-b504-22dc0163f7c9,"{'Royal': 11.864406779661017, 'Reunion': 5.084745762711865, 'Travel': 10.16949152542373, 'Rock': 5.084745762711865, 'Love': 6.779661016949152, 'Magic': 15.254237288135593, 'Diversity': 13.559322033898304, 'War': 5.084745762711865, 'Change': 15.254237288135593, 'Power': 11.864406779661017}"
0c27c474-984a-43d7-b138-5ff3c0cf706d,"{'Travel': 12.0, 'Love': 20.0, 'Fashion': 8.0, 'Fantasy': 4.0, 'Time': 12.0, 'Change': 8.0, 'Sacrifice': 4.0, 'Dating': 8.0, 'Home': 4.0, 'Sports': 20.0}"
d8dd2424-dcc9-4265-9907-68fdc178a125,"{'Travel': 4.938271604938271, 'School': 6.172839506172839, 'Work': 12.345679012345679, 'Family': 11.11111111111111, 'Fall': 7.4074074074074066, 'Time': 4.938271604938271, 'History': 34.5679012345679, 'Home': 8.641975308641975, 'Dating': 4.938271604938271, 'Sports': 4.938271604938271}"
31e5b68e-1eac-40c6-8fa9-f4782e524fe9,"{'Rap': 19.327731092436977, 'School': 5.88235294117647, 'Love': 9.243697478991598, 'Book': 7.563025210084033, 'Family': 9.243697478991598, 'Time': 14.285714285714285, 'Change': 8.403361344537815, 'Spring': 4.201680672268908, 'Home': 14.285714285714285, 'Power': 7.563025210084033}"
15853c04-47a5-4e6c-a2b7-b1f5d3bc0bef,"{'Adventure': 7.894736842105263, 'Love': 7.894736842105263, 'Work': 28.947368421052634, 'Discovery': 7.894736842105263, 'Family': 10.526315789473683, 'Fall': 7.894736842105263, 'Sacrifice': 5.263157894736842, 'Spring': 7.894736842105263, 'History': 5.263157894736842, 'Home': 10.526315789473683}"
f2aba923-0380-4b19-b184-f32e6e1d1b34,"{'Royal': 6.493506493506493, 'Adventure': 6.493506493506493, 'Book': 7.792207792207792, 'Love': 7.142857142857142, 'Magic': 15.584415584415584, 'Fantasy': 9.740259740259742, 'Work': 17.532467532467532, 'Family': 7.142857142857142, 'Home': 8.441558441558442, 'Power': 13.636363636363635}"
0d27e2c0-b289-4eda-aaac-dbbecabfa942,"{'Pop': 3.1746031746031744, 'Love': 12.698412698412698, 'Book': 3.968253968253968, 'Work': 12.698412698412698, 'Family': 9.523809523809524, 'Fall': 32.53968253968254, 'Time': 3.968253968253968, 'Spring': 5.555555555555555, 'Home': 12.698412698412698, 'Hope': 3.1746031746031744}"
3f04cdd2-be5e-4807-8a9d-fada03409bc2,"{'Dream': 7.4074074074074066, 'Travel': 11.11111111111111, 'Book': 7.4074074074074066, 'Love': 5.555555555555555, 'Work': 27.77777777777778, 'Discovery': 7.4074074074074066, 'Family': 9.25925925925926, 'Fall': 11.11111111111111, 'Time': 5.555555555555555, 'Home': 7.4074074074074066}"
5f30c6f0-375e-4b85-b621-6edd8e244c3b,"{'Travel': 3.6764705882352944, 'Love': 20.588235294117645, 'Book': 14.705882352941178, 'Family': 12.5, 'Time': 9.558823529411764, 'History': 8.823529411764707, 'Spring': 5.147058823529411, 'Home': 13.23529411764706, 'Power': 6.61764705882353, 'Hope': 5.147058823529411}"
563dc8dc-0297-4678-8227-90bd34fee7d2,"{'Travel': 4.88997555012225, 'Book': 16.13691931540342, 'Love': 5.623471882640587, 'Magic': 29.095354523227385, 'Time': 6.845965770171149, 'Change': 6.112469437652812, 'History': 9.7799511002445, 'Home': 7.823960880195599, 'Dating': 5.8679706601467, 'Power': 7.823960880195599}"
fd6fb782-c3de-4738-ad3a-2c97bb698334,"{'Leadership': 7.216494845360824, 'Travel': 6.185567010309279, 'School': 20.618556701030926, 'Book': 12.371134020618557, 'Love': 7.216494845360824, 'Time': 11.34020618556701, 'Change': 8.24742268041237, 'History': 7.216494845360824, 'Home': 10.309278350515463, 'Dating': 9.278350515463918}"
0325720e-9643-4159-b02d-8aaa3ab317fb,"{'Love': 7.8431372549019605, 'Fashion': 11.76470588235294, 'Work': 9.803921568627452, 'Discovery': 7.8431372549019605, 'Family': 7.8431372549019605, 'Fall': 9.803921568627452, 'History': 7.8431372549019605, 'God': 15.686274509803921, 'Home': 9.803921568627452, 'Sports': 11.76470588235294}"
1da033de-aabe-4027-b3ea-6178040c2353,"{'Pop': 13.194444444444445, 'Travel': 7.638888888888889, 'Adventure': 13.194444444444445, 'Book': 11.11111111111111, 'Love': 4.861111111111112, 'Family': 11.11111111111111, 'Time': 13.194444444444445, 'Change': 4.861111111111112, 'History': 6.25, 'Home': 14.583333333333334}"
102c531e-1664-4a37-8339-26bcc137bec0,"{'Rap': 6.779661016949152, 'Royal': 3.389830508474576, 'Leadership': 5.084745762711865, 'Book': 5.084745762711865, 'Love': 5.084745762711865, 'Fashion': 5.084745762711865, 'Discovery': 6.779661016949152, 'War': 44.06779661016949, 'Dating': 8.47457627118644, 'Power': 10.16949152542373}"
f6414259-2ef9-4967-8475-d2b4a7a085b6,"{'Love': 6.0, 'Book': 4.666666666666667, 'Work': 26.666666666666668, 'Family': 8.0, 'Fall': 9.333333333333334, 'Time': 8.0, 'Change': 8.666666666666668, 'History': 4.666666666666667, 'Home': 14.666666666666666, 'Power': 9.333333333333334}"
9b2d5bdb-c9c9-449d-b642-596921643dcc,"{'Leadership': 9.523809523809524, 'Rock': 14.285714285714285, 'Growth': 4.761904761904762, 'Fashion': 9.523809523809524, 'Family': 9.523809523809524, 'Summer': 9.523809523809524, 'Time': 9.523809523809524, 'History': 4.761904761904762, 'Home': 23.809523809523807, 'Dating': 4.761904761904762}"
f9fd5e30-5322-42e1-acf3-75610d85d5b0,"{'Travel': 6.451612903225806, 'Rock': 9.67741935483871, 'Love': 17.741935483870968, 'Book': 6.451612903225806, 'Diversity': 8.064516129032258, 'Family': 11.29032258064516, 'Time': 12.903225806451612, 'Change': 11.29032258064516, 'History': 8.064516129032258, 'Home': 8.064516129032258}"
72ab616d-7cd1-462c-9d69-794be26a7cc0,"{'Magic': 9.424083769633508, 'Diversity': 7.329842931937172, 'Work': 12.56544502617801, 'Family': 9.424083769633508, 'Fall': 9.947643979057592, 'Change': 7.329842931937172, 'History': 6.806282722513089, 'Home': 10.99476439790576, 'Power': 18.848167539267017, 'Sports': 7.329842931937172}"
dc02b86e-b225-479d-87ea-ff58e5fce361,"{'Book': 6.3938618925831205, 'Magic': 9.462915601023019, 'Work': 10.741687979539643, 'Family': 10.230179028132993, 'Time': 8.695652173913043, 'Fall': 7.672634271099745, 'History': 9.974424552429667, 'Home': 9.974424552429667, 'Power': 17.902813299232736, 'Sports': 8.951406649616368}"
7c330f39-893d-4807-a073-90d0a5408591,"{'Pop': 6.185567010309279, 'School': 15.463917525773196, 'Art': 6.185567010309279, 'Book': 17.525773195876287, 'Love': 6.185567010309279, 'Family': 8.24742268041237, 'Time': 7.216494845360824, 'Change': 5.154639175257731, 'Home': 20.618556701030926, 'Dating': 7.216494845360824}"
24e88254-15d0-4553-a63d-f004192b86f6,"{'Travel': 4.477611940298507, 'Book': 20.8955223880597, 'Love': 15.671641791044777, 'Discovery': 2.9850746268656714, 'Family': 7.462686567164178, 'Time': 3.731343283582089, 'Spring': 13.432835820895523, 'History': 9.701492537313433, 'Home': 7.462686567164178, 'Power': 14.17910447761194}"
de52b40f-0573-4cf3-9520-89c824667b37,"{'Love': 14.285714285714285, 'Magic': 10.92436974789916, 'Work': 17.647058823529413, 'Family': 8.403361344537815, 'Fall': 7.563025210084033, 'Change': 7.563025210084033, 'Home': 11.76470588235294, 'Dating': 6.722689075630252, 'Power': 6.722689075630252, 'Sports': 8.403361344537815}"
31413b84-2560-465b-8178-689564208753,"{'Pop': 5.9880239520958085, 'Horror': 7.784431137724551, 'Book': 5.9880239520958085, 'Fantasy': 14.37125748502994, 'Family': 17.365269461077844, 'Time': 7.784431137724551, 'Home': 22.15568862275449, 'Freedom': 5.9880239520958085, 'Power': 5.9880239520958085, 'Hell': 6.58682634730539}"
c326b2c9-335f-4a5a-828a-0c523a44243d,"{'Pop': 6.422018348623854, 'Travel': 9.174311926605505, 'Love': 13.761467889908257, 'Work': 25.688073394495415, 'Time': 11.926605504587156, 'Fall': 10.091743119266056, 'Change': 5.5045871559633035, 'Spring': 3.669724770642202, 'Home': 7.339449541284404, 'Sports': 6.422018348623854}"
6e517f55-6b37-4df7-9505-74b4b82c0451,"{'Dream': 5.387205387205387, 'Rock': 18.855218855218855, 'Love': 14.814814814814813, 'Book': 6.397306397306397, 'Work': 14.814814814814813, 'Time': 11.784511784511785, 'Fall': 6.397306397306397, 'Change': 5.387205387205387, 'Power': 11.11111111111111, 'Sports': 5.05050505050505}"
4be81037-ed18-4f5f-ac92-9f21e43521be,"{'Pop': 6.862745098039216, 'Travel': 9.803921568627452, 'Love': 9.803921568627452, 'Magic': 4.901960784313726, 'Work': 23.52941176470588, 'Discovery': 5.88235294117647, 'Fall': 7.8431372549019605, 'Time': 6.862745098039216, 'Change': 6.862745098039216, 'History': 17.647058823529413}"
4e73e10b-627b-4d21-ba86-9b0f98c7cb66,"{'Rock': 4.232804232804233, 'Fashion': 7.936507936507936, 'Work': 11.64021164021164, 'Family': 14.285714285714285, 'Fall': 5.82010582010582, 'Time': 4.232804232804233, 'Change': 4.761904761904762, 'Home': 15.873015873015872, 'Power': 22.22222222222222, 'Sports': 8.994708994708994}"
b59c8c82-1250-485b-99cb-53e341b2e84e,"{'Justice': 8.16326530612245, 'Friendship': 6.122448979591836, 'Adventure': 10.204081632653061, 'Book': 10.204081632653061, 'Crime': 6.122448979591836, 'Work': 14.285714285714285, 'Family': 6.122448979591836, 'Fall': 24.489795918367346, 'Home': 6.122448979591836, 'Sports': 8.16326530612245}"
fa65c52c-781b-4916-acb8-bedd639b4aee,"{'Pop': 10.909090909090908, 'Reunion': 3.6363636363636362, 'Travel': 10.909090909090908, 'Love': 7.2727272727272725, 'Fashion': 12.727272727272727, 'Family': 10.909090909090908, 'Time': 14.545454545454545, 'History': 10.909090909090908, 'Home': 7.2727272727272725, 'Hope': 10.909090909090908}"
896a8ee9-a67c-4bf4-be07-4ea7d2698af3,"{'Travel': 4.761904761904762, 'Love': 11.904761904761903, 'Book': 7.142857142857142, 'Work': 28.57142857142857, 'Fall': 4.761904761904762, 'Change': 9.523809523809524, 'Spring': 7.142857142857142, 'History': 4.761904761904762, 'Dating': 7.142857142857142, 'Sports': 14.285714285714285}"
826dfe52-8e1c-45bc-9048-11259271ac6a,"{'Pop': 11.403508771929824, 'Dream': 6.140350877192982, 'Travel': 11.403508771929824, 'Love': 14.035087719298245, 'Discovery': 6.140350877192982, 'Family': 8.771929824561402, 'Time': 12.280701754385964, 'History': 7.894736842105263, 'Home': 6.140350877192982, 'Power': 15.789473684210526}"
330e7444-9ac3-4204-bf6b-605b43515a56,"{'School': 6.9306930693069315, 'Love': 28.217821782178216, 'Work': 14.356435643564355, 'Family': 6.9306930693069315, 'Time': 6.9306930693069315, 'Fall': 6.435643564356436, 'Change': 5.9405940594059405, 'History': 7.920792079207921, 'Home': 8.415841584158416, 'Power': 7.920792079207921}"
b4625d2c-32af-4543-90ef-16e3f7518de6,"{'School': 6.770833333333333, 'Rock': 5.208333333333334, 'Love': 15.104166666666666, 'Book': 6.770833333333333, 'Family': 7.8125, 'Time': 6.770833333333333, 'Change': 3.6458333333333335, 'Spring': 33.85416666666667, 'Home': 10.416666666666668, 'Hope': 3.6458333333333335}"
cc883b4c-55be-41b4-aff4-c15a2a4b0863,"{'Dream': 6.0606060606060606, 'Travel': 6.0606060606060606, 'Rock': 10.606060606060606, 'Love': 30.303030303030305, 'Book': 18.181818181818183, 'Family': 6.0606060606060606, 'Time': 6.0606060606060606, 'Sacrifice': 4.545454545454546, 'Spring': 6.0606060606060606, 'Power': 6.0606060606060606}"
dfc1d0a0-de5a-40c5-bf93-90d49cefdd64,"{'Royal': 5.806451612903226, 'Winter': 18.064516129032256, 'Love': 18.70967741935484, 'Magic': 10.967741935483872, 'Loneliness': 6.451612903225806, 'Family': 8.38709677419355, 'Time': 10.32258064516129, 'Sacrifice': 4.516129032258064, 'Home': 4.516129032258064, 'Power': 12.258064516129032}"
269b7f18-2025-4e67-b965-cebb46ac2723,"{'Pop': 11.538461538461538, 'Love': 9.615384615384617, 'Diversity': 9.615384615384617, 'Work': 11.538461538461538, 'Family': 7.6923076923076925, 'Fall': 11.538461538461538, 'Change': 9.615384615384617, 'Spring': 9.615384615384617, 'Home': 11.538461538461538, 'Power': 7.6923076923076925}"
e69fb8da-9c43-49e4-afcb-f505a7b9dc4d,"{'Love': 19.642857142857142, 'Book': 5.357142857142857, 'Work': 12.5, 'Discovery': 7.142857142857142, 'Family': 14.285714285714285, 'History': 7.142857142857142, 'Home': 10.714285714285714, 'Power': 10.714285714285714, 'Hope': 5.357142857142857, 'Sports': 7.142857142857142}"
4b0994d3-4b4a-420c-ae6e-102bc7423d5d,"{'Travel': 10.0, 'School': 40.0, 'Diversity': 5.0, 'Family': 5.0, 'Summer': 5.0, 'Time': 5.0, 'Sacrifice': 5.0, 'History': 10.0, 'Home': 5.0, 'Sports': 10.0}"
718c6287-b948-41d0-99a1-23572e5277e1,"{'Travel': 6.944444444444445, 'Rock': 5.555555555555555, 'Love': 9.722222222222223, 'Book': 8.333333333333332, 'Diversity': 9.722222222222223, 'Family': 5.555555555555555, 'Change': 11.11111111111111, 'Dating': 9.722222222222223, 'Home': 9.722222222222223, 'Power': 23.61111111111111}"
7f27a4cb-90d8-4253-b5d3-5b7e6dfc944c,"{'Teenager': 7.865168539325842, 'Pop': 4.49438202247191, 'Travel': 10.112359550561797, 'School': 4.49438202247191, 'Book': 6.741573033707865, 'Love': 4.49438202247191, 'Work': 22.47191011235955, 'Fall': 14.606741573033707, 'Dating': 14.606741573033707, 'Home': 10.112359550561797}"
27ebc147-de85-4e2f-9b80-5af81f83b22b,"{'Pop': 5.014749262536873, 'Art': 5.899705014749262, 'Book': 9.144542772861357, 'Love': 5.014749262536873, 'Magic': 10.619469026548673, 'Family': 13.274336283185843, 'Time': 15.04424778761062, 'History': 16.519174041297934, 'Home': 13.569321533923304, 'Power': 5.899705014749262}"
076f9ac7-edb8-47bd-9d19-8a15b0dc6a1d,"{'Pop': 5.263157894736842, 'Travel': 10.73684210526316, 'Adventure': 5.263157894736842, 'Winter': 30.526315789473685, 'Love': 5.263157894736842, 'Magic': 4.631578947368421, 'Family': 8.0, 'Classical': 7.7894736842105265, 'Home': 7.7894736842105265, 'Power': 14.736842105263156}"
55cbba55-922b-4a5f-a81a-5772d758d887,"{'Travel': 4.444444444444445, 'Love': 4.444444444444445, 'War': 4.444444444444445, 'Mythology': 40.0, 'Faith': 8.88888888888889, 'Time': 8.88888888888889, 'Sacrifice': 4.444444444444445, 'God': 8.88888888888889, 'Community': 8.88888888888889, 'Hell': 6.666666666666667}"
122c169d-958a-4f4c-a5e0-91f9f195ee85,"{'Leadership': 4.166666666666666, 'Adventure': 4.166666666666666, 'Book': 6.25, 'Love': 4.166666666666666, 'Family': 22.916666666666664, 'Time': 10.416666666666668, 'Spring': 4.166666666666666, 'Home': 20.833333333333336, 'Dating': 10.416666666666668, 'Power': 12.5}"
0de75188-8ffc-40e5-8426-2c1368f7845b,"{'Pop': 6.382978723404255, 'Travel': 8.51063829787234, 'Love': 10.638297872340425, 'Book': 6.382978723404255, 'Time': 6.382978723404255, 'Spring': 14.893617021276595, 'History': 8.51063829787234, 'Home': 6.382978723404255, 'Dating': 4.25531914893617, 'Power': 27.659574468085108}"
e1bebf21-499c-4be7-a0ce-f440f1a4a99c,"{'Pop': 7.731958762886598, 'Love': 5.670103092783505, 'Fashion': 7.731958762886598, 'Work': 21.649484536082475, 'Family': 9.278350515463918, 'Mythology': 17.010309278350515, 'Tragedy': 12.371134020618557, 'Hope': 6.701030927835052, 'Power': 5.670103092783505, 'Hell': 6.185567010309279}"
3fe0268f-7408-4b46-ba85-1aa842d313a9,"{'Reunion': 7.894736842105263, 'Pop': 5.263157894736842, 'Royal': 19.298245614035086, 'Travel': 13.157894736842104, 'Winter': 5.263157894736842, 'Love': 6.140350877192982, 'Family': 13.157894736842104, 'Survival': 7.017543859649122, 'Home': 14.912280701754385, 'Hope': 7.894736842105263}"
5e4ed581-d706-4749-9d3f-87f821fb4585,"{'Teenager': 4.705882352941177, 'Rock': 51.76470588235295, 'Love': 3.5294117647058822, 'Work': 8.235294117647058, 'Summer': 4.705882352941177, 'Family': 4.705882352941177, 'Fall': 9.411764705882353, 'Spring': 3.5294117647058822, 'Home': 5.88235294117647, 'Dating': 3.5294117647058822}"
7e44e5f2-977c-4976-9953-42f038e9a4e1,"{'Book': 5.517241379310345, 'Work': 8.275862068965518, 'Family': 6.896551724137931, 'Time': 11.03448275862069, 'Fall': 10.344827586206897, 'History': 6.206896551724138, 'Home': 8.275862068965518, 'Dating': 4.827586206896552, 'Power': 27.586206896551722, 'Sports': 11.03448275862069}"
8db26f56-8072-41ab-874b-5850de357027,"{'Travel': 5.208333333333334, 'Pride': 9.375, 'Book': 6.25, 'Work': 30.208333333333332, 'Fall': 10.416666666666668, 'History': 7.291666666666667, 'Spring': 4.166666666666666, 'Dating': 10.416666666666668, 'Home': 9.375, 'Sports': 7.291666666666667}"
ff4b7e65-534d-42b1-8e3f-f088181fedb2,"{'Adventure': 6.083650190114068, 'Book': 7.224334600760455, 'Fashion': 8.365019011406844, 'Magic': 7.224334600760455, 'Family': 8.365019011406844, 'Time': 11.406844106463879, 'History': 10.646387832699618, 'Home': 10.26615969581749, 'Dating': 6.4638783269961975, 'Power': 23.954372623574145}"
e04d4864-a57e-4760-8682-7a37700ee181,"{'Travel': 13.875598086124402, 'Book': 10.526315789473683, 'Love': 5.741626794258373, 'Diversity': 8.133971291866029, 'Family': 11.004784688995215, 'Time': 6.698564593301436, 'Change': 9.090909090909092, 'History': 6.220095693779904, 'Home': 18.660287081339714, 'Power': 10.047846889952153}"
ee8c004e-ae6a-464f-86aa-ceeff7a2c99a,"{'Pop': 5.426356589147287, 'Love': 6.2015503875969, 'Work': 21.705426356589147, 'Family': 4.651162790697675, 'Time': 8.527131782945736, 'History': 7.751937984496124, 'Home': 5.426356589147287, 'Power': 4.651162790697675, 'Hell': 25.581395348837212, 'Sports': 10.077519379844961}"
ced47c85-dd46-445b-81e1-1a34d7b48ac1,"{'Pop': 5.633802816901409, 'Travel': 8.450704225352112, 'School': 5.633802816901409, 'Book': 12.676056338028168, 'Work': 19.718309859154928, 'Family': 12.676056338028168, 'Fall': 9.859154929577464, 'Time': 5.633802816901409, 'Home': 14.084507042253522, 'Dating': 5.633802816901409}"
39e95adb-d78d-403c-a7aa-a46363c45933,"{'Pop': 8.450704225352112, 'Travel': 4.225352112676056, 'Rock': 4.225352112676056, 'Work': 21.12676056338028, 'Family': 9.859154929577464, 'Fall': 18.30985915492958, 'Spring': 2.8169014084507045, 'Home': 7.042253521126761, 'Power': 8.450704225352112, 'Sports': 15.492957746478872}"
6edc9118-803b-4dba-aace-4c79fb0081fd,"{'Pop': 4.6875, 'Rock': 4.6875, 'Book': 21.875, 'Love': 14.0625, 'Work': 21.875, 'Time': 6.25, 'History': 6.25, 'Spring': 6.25, 'Dating': 6.25, 'Sports': 7.8125}"
39736d5e-c812-46e6-9556-1a19cd62830c,"{'Travel': 8.928571428571429, 'Rock': 7.142857142857142, 'Love': 17.857142857142858, 'Book': 5.357142857142857, 'Fashion': 7.142857142857142, 'Work': 21.428571428571427, 'Family': 5.357142857142857, 'Time': 14.285714285714285, 'Fall': 5.357142857142857, 'Sports': 7.142857142857142}"
147c4913-c871-48b8-a47d-475dbf86afbb,"{'Travel': 4.201680672268908, 'Book': 9.243697478991598, 'Love': 8.403361344537815, 'Discovery': 5.88235294117647, 'Family': 16.80672268907563, 'War': 15.126050420168067, 'Time': 14.285714285714285, 'Change': 5.88235294117647, 'Home': 12.605042016806722, 'Power': 7.563025210084033}"
1d1ffbe7-cef1-435d-88ba-893c6aa17bae,"{'Pop': 7.526881720430108, 'Heaven': 10.75268817204301, 'School': 8.60215053763441, 'Love': 7.526881720430108, 'Book': 5.376344086021505, 'Work': 15.053763440860216, 'Discovery': 8.60215053763441, 'Family': 11.827956989247312, 'Fall': 8.60215053763441, 'Home': 16.129032258064516}"
6658f135-c53b-409b-869d-6f776f336895,"{'Travel': 5.797101449275362, 'Love': 15.942028985507244, 'Book': 7.246376811594203, 'Work': 20.28985507246377, 'Family': 7.246376811594203, 'Fall': 7.246376811594203, 'Time': 4.3478260869565215, 'History': 8.695652173913043, 'Dating': 11.594202898550725, 'Home': 11.594202898550725}"
ee3fb768-b5bf-49cf-b92e-eec4e9f10a43,"{'Travel': 7.0588235294117645, 'School': 5.88235294117647, 'Fashion': 5.88235294117647, 'Work': 10.588235294117647, 'Family': 9.411764705882353, 'Fall': 9.411764705882353, 'Time': 9.411764705882353, 'Home': 12.941176470588237, 'Power': 23.52941176470588, 'Sports': 5.88235294117647}"
6bca67d6-65b8-486a-8579-e6747ac5f6e4,"{'Adventure': 9.523809523809524, 'Love': 7.142857142857142, 'Work': 16.666666666666664, 'Fantasy': 7.142857142857142, 'Family': 7.142857142857142, 'Time': 16.666666666666664, 'Fall': 7.142857142857157, 'History': 11.904761904761903, 'Home': 9.523809523809524, 'Hope': 7.142857142857142}"
11c55176-9837-413f-b00d-6da015d23f1a,"{'Love': 18.88888888888889, 'Book': 6.666666666666667, 'Work': 10.0, 'Time': 12.222222222222221, 'Fall': 7.777777777777778, 'History': 11.11111111111111, 'Home': 6.666666666666667, 'Power': 11.11111111111111, 'Revolution': 8.88888888888889, 'Sports': 6.666666666666667}"
787fb3d0-5f6d-4e3f-87e6-f6c29367f1ca,"{'Fairytale': 10.034602076124568, 'Book': 10.034602076124568, 'Love': 6.920415224913495, 'Magic': 21.79930795847751, 'Diversity': 8.304498269896193, 'Mythology': 7.958477508650519, 'Family': 6.920415224913495, 'Time': 10.380622837370241, 'Change': 9.688581314878892, 'Home': 7.958477508650519}"
f155e64c-e897-4f44-b8ab-07d3c455e59a,"{'Dream': 5.263157894736842, 'Pop': 10.526315789473683, 'Reunion': 7.368421052631578, 'Travel': 7.368421052631578, 'Horror': 9.473684210526317, 'Love': 15.789473684210526, 'Family': 18.947368421052634, 'History': 6.315789473684211, 'Home': 12.631578947368421, 'Power': 6.315789473684211}"
7cbefdc4-fda3-45f1-83f6-6ba841621077,"{'Book': 14.705882352941178, 'Magic': 5.88235294117647, 'Work': 11.76470588235294, 'War': 5.88235294117647, 'Time': 17.647058823529413, 'Fall': 5.88235294117647, 'Sacrifice': 5.88235294117647, 'History': 11.76470588235294, 'Spring': 5.88235294117647, 'Power': 14.705882352941178}"
6246f5b4-3315-4fde-9ee6-73a3caa7ef6d,"{'Book': 19.00826446280992, 'Love': 14.87603305785124, 'Work': 25.6198347107438, 'Family': 4.132231404958678, 'Fall': 7.43801652892562, 'Change': 4.958677685950414, 'Spring': 4.132231404958678, 'Home': 9.090909090909092, 'Power': 4.132231404958678, 'Sports': 6.6115702479338845}"
b230097a-355c-46f3-8391-e1be773ab5bc,"{'Travel': 11.11111111111111, 'Love': 15.873015873015872, 'Fashion': 9.523809523809524, 'Work': 19.047619047619047, 'Family': 11.11111111111111, 'Time': 6.349206349206349, 'Sacrifice': 4.761904761904762, 'Spring': 4.761904761904762, 'Home': 11.11111111111111, 'Dating': 6.349206349206349}"
0c0d6ebd-f9d1-486a-90d8-c15986fcc8d5,"{'Book': 12.82051282051282, 'Love': 12.82051282051282, 'Fashion': 5.982905982905983, 'Family': 5.982905982905983, 'Time': 11.965811965811966, 'Change': 10.256410256410255, 'History': 7.6923076923076925, 'Spring': 5.128205128205128, 'Dating': 14.529914529914532, 'Home': 12.82051282051282}"
18f98b1b-170e-4436-9055-443e3950e734,"{'Royal': 5.714285714285714, 'Love': 22.857142857142858, 'Book': 11.904761904761903, 'Family': 9.523809523809524, 'Time': 10.476190476190476, 'Change': 5.714285714285714, 'History': 12.380952380952381, 'Home': 10.0, 'Dating': 4.285714285714286, 'Power': 7.142857142857142}"
80513063-24fd-4472-89bb-bee50ab5be51,"{'Rap': 20.952380952380953, 'Rock': 2.857142857142857, 'Love': 4.761904761904762, 'Work': 11.428571428571429, 'Family': 13.333333333333334, 'Fall': 20.952380952380953, 'Time': 6.666666666666667, 'Politics': 4.761904761904762, 'History': 3.8095238095238098, 'Home': 10.476190476190476}"
42b86e83-a318-490f-9481-4ae5a1d79524,"{'Travel': 4.838709677419355, 'Book': 7.258064516129033, 'Love': 5.64516129032258, 'Work': 34.67741935483871, 'Discovery': 4.838709677419355, 'Family': 7.258064516129033, 'Time': 5.64516129032258, 'Home': 12.096774193548388, 'Power': 8.064516129032258, 'Sports': 9.67741935483871}"
5d9955da-21e1-43ab-8734-3ed46dff1345,"{'Pop': 6.63265306122449, 'Love': 12.755102040816327, 'Book': 8.16326530612245, 'Family': 16.83673469387755, 'Time': 15.816326530612246, 'Change': 4.081632653061225, 'History': 5.612244897959184, 'Spring': 5.612244897959184, 'Home': 19.897959183673468, 'Dating': 4.591836734693878}"
c689dd59-cbe8-458e-9b90-4ade9342dd45,"{'Pop': 10.526315789473683, 'School': 8.771929824561402, 'Love': 14.035087719298245, 'Diversity': 10.526315789473683, 'Time': 7.017543859649137, 'Change': 10.526315789473683, 'Home': 8.771929824561402, 'Freedom': 8.771929824561402, 'Dating': 7.017543859649122, 'Power': 14.035087719298245}"
dda47f0a-ee0c-4635-9dd4-a5667f4e355d,"{'Pop': 4.790419161676647, 'Travel': 12.574850299401197, 'Winter': 3.592814371257485, 'Book': 20.958083832335326, 'Love': 10.778443113772456, 'Discovery': 2.9940119760479043, 'Family': 5.9880239520958085, 'Time': 4.790419161676647, 'Tragedy': 26.94610778443114, 'Home': 6.58682634730539}"
383363b4-d586-4e32-a7f6-f6d5f8d9e170,"{'Royal': 10.891089108910892, 'Art': 3.9603960396039604, 'Book': 7.425742574257425, 'Love': 4.455445544554455, 'Work': 10.396039603960396, 'Family': 5.9405940594059405, 'Fall': 36.633663366336634, 'Time': 7.920792079207921, 'History': 4.455445544554455, 'Home': 7.920792079207921}"
0b7894bd-5577-495f-84fb-edcef71fc221,"{'Travel': 9.333333333333334, 'School': 20.0, 'Work': 18.666666666666668, 'Discovery': 8.0, 'Family': 8.0, 'Time': 8.0, 'History': 6.666666666666667, 'Home': 8.0, 'Dating': 6.666666666666667, 'Power': 6.666666666666667}"
9e276aa7-fc82-44f7-aa59-da0dcc1c5528,"{'Pop': 7.518796992481203, 'School': 9.022556390977442, 'Book': 9.022556390977442, 'Love': 7.518796992481203, 'Diversity': 11.278195488721805, 'Work': 13.533834586466165, 'Family': 6.7669172932330826, 'Change': 14.285714285714285, 'Home': 8.270676691729323, 'Power': 12.781954887218044}"
f0c0cb6e-b005-43d9-95bc-7a2d1ade9f47,"{'Travel': 7.086614173228346, 'Book': 7.086614173228346, 'Work': 9.448818897637794, 'Family': 9.448818897637794, 'Fall': 9.05511811023622, 'Time': 6.299212598425196, 'Change': 8.267716535433072, 'History': 11.41732283464567, 'Home': 9.84251968503937, 'Power': 22.04724409448819}"
9a653e36-6d59-4ec3-b2e7-ed80b76733bb,"{'Royal': 19.07514450867052, 'Travel': 7.514450867052023, 'Love': 7.514450867052023, 'Family': 5.202312138728324, 'Time': 8.092485549132949, 'Change': 4.046242774566474, 'Spring': 4.624277456647398, 'History': 4.624277456647398, 'Home': 6.358381502890173, 'Power': 32.947976878612714}"
493f3c21-12ef-49f8-87d5-fa3adf519321,"{'Travel': 4.25531914893617, 'Work': 12.76595744680851, 'Family': 25.53191489361702, 'Time': 6.382978723404255, 'Fall': 4.25531914893617, 'Home': 23.404255319148938, 'Dating': 4.25531914893617, 'Power': 10.638297872340425, 'Hope': 4.25531914893617, 'Sports': 4.25531914893617}"
3a8e773a-e267-44bc-bde0-dbbda0feffb1,"{'Pop': 7.920792079207921, 'School': 8.415841584158416, 'Love': 11.386138613861387, 'Book': 7.425742574257425, 'Work': 18.81188118811881, 'Fall': 9.405940594059405, 'History': 7.920792079207921, 'Home': 11.881188118811881, 'Power': 7.920792079207921, 'Sports': 8.91089108910891}"
ef31ba5e-c24e-4f4d-b464-5f7c9be54530,"{'Rap': 7.954545454545454, 'Travel': 10.227272727272728, 'Adventure': 12.5, 'Love': 7.954545454545454, 'Work': 19.318181818181817, 'Family': 9.090909090909092, 'Fall': 6.8181818181818175, 'Change': 9.090909090909092, 'Home': 9.090909090909092, 'Power': 7.954545454545454}"
475ffe65-75fe-48ed-a2ba-d0a8cf58bae8,"{'Royal': 14.285714285714285, 'Pop': 9.523809523809524, 'Travel': 7.142857142857142, 'Art': 9.523809523809524, 'Book': 14.285714285714285, 'Discovery': 9.523809523809524, 'Home': 7.142857142857142, 'Dating': 7.142857142857142, 'God': 7.142857142857142, 'Power': 14.285714285714285}"
84876fc1-4b12-4a0f-849b-380665b98260,"{'Dream': 6.730769230769231, 'Travel': 6.730769230769231, 'Love': 16.346153846153847, 'Crime': 27.884615384615387, 'Family': 7.6923076923076925, 'Politics': 6.730769230769231, 'Time': 8.653846153846153, 'History': 5.769230769230769, 'Dating': 7.6923076923076925, 'Home': 5.769230769230769}"
1ddd6bf3-e2e4-4737-96a0-11e0651778f9,"{'Pop': 4.605263157894736, 'Art': 4.605263157894736, 'Diversity': 10.526315789473683, 'Isolation': 27.631578947368425, 'Family': 8.552631578947368, 'Time': 7.894736842105263, 'Change': 11.842105263157894, 'Home': 9.868421052631579, 'Dating': 4.605263157894736, 'Power': 9.868421052631579}"
ecaac0c5-9c94-4b66-85be-b5fad21b02ed,"{'Pop': 4.918032786885246, 'Travel': 4.918032786885246, 'Book': 3.278688524590164, 'Fashion': 11.475409836065573, 'Work': 19.672131147540984, 'Family': 9.836065573770492, 'Fall': 9.836065573770492, 'Home': 13.114754098360656, 'Dating': 6.557377049180328, 'Sports': 16.39344262295082}"
a1aaf222-5308-487d-bd8a-ce91556143b3,"{'Travel': 8.13953488372093, 'Rock': 5.813953488372093, 'Love': 11.046511627906977, 'Book': 8.720930232558139, 'Work': 15.69767441860465, 'Family': 13.953488372093023, 'Fall': 8.720930232558139, 'Time': 8.720930232558139, 'Home': 12.790697674418606, 'Sports': 6.395348837209303}"
61f86e78-380d-4b40-8276-df5760041ad1,"{'Adventure': 7.236842105263158, 'Magic': 6.578947368421052, 'Work': 11.513157894736842, 'Family': 9.868421052631579, 'Time': 9.868421052631579, 'Fall': 8.881578947368421, 'History': 8.552631578947368, 'Home': 10.855263157894738, 'Power': 16.776315789473685, 'Sports': 9.868421052631579}"
f1dfbf2a-0a77-4e2d-a2c3-8a95dd9dbd30,"{'Travel': 6.470588235294119, 'Rock': 19.411764705882355, 'Education': 7.647058823529412, 'Love': 10.588235294117647, 'Family': 7.0588235294117645, 'Faith': 7.0588235294117645, 'History': 7.0588235294117645, 'God': 20.0, 'Humor': 6.47058823529411, 'Power': 8.235294117647058}"
2ce2adfd-cb25-407c-a50b-ca03b718c16a,"{'Pop': 6.5420560747663545, 'Love': 8.411214953271028, 'Book': 7.476635514018691, 'Fashion': 5.607476635514018, 'Work': 17.75700934579439, 'Family': 8.411214953271028, 'Fall': 16.822429906542055, 'Time': 6.5420560747663545, 'History': 12.149532710280374, 'Home': 10.2803738317757}"
396eb428-fe8c-455e-9e83-904777724d6d,"{'Pop': 7.6923076923076925, 'School': 7.6923076923076925, 'Work': 8.791208791208792, 'Family': 6.593406593406594, 'Time': 7.6923076923076925, 'History': 6.593406593406594, 'Dating': 8.791208791208792, 'Home': 6.593406593406594, 'Power': 14.285714285714285, 'Sports': 25.274725274725274}"
624e1414-310a-4aad-b465-9fddb74438ec,"{'Pop': 3.3810143042912877, 'Pride': 5.201560468140442, 'Animal': 8.452535760728217, 'Love': 4.421326397919375, 'Family': 5.461638491547465, 'Revange': 9.752925877763328, 'Sacrifice': 4.161248374512354, 'Change': 1.950585175552666, 'Home': 7.282184655396619, 'Power': 49.93498049414825}"
e448f788-4e9a-40d8-bf4d-d0985413f4bd,"{'Pop': 6.122448979591836, 'Rap': 4.081632653061225, 'Book': 13.061224489795919, 'Love': 7.346938775510205, 'Work': 22.857142857142858, 'Family': 11.020408163265307, 'Fall': 6.938775510204081, 'Home': 16.73469387755102, 'Power': 4.489795918367347, 'Sports': 7.346938775510205}"
7406d1f1-19a0-4fac-8d46-4b6de579b072,"{'Love': 17.058823529411764, 'Diversity': 7.647058823529412, 'Work': 14.705882352941178, 'Family': 7.647058823529412, 'Time': 10.0, 'Fall': 8.235294117647058, 'Change': 8.823529411764707, 'Home': 7.647058823529412, 'Dating': 6.470588235294119, 'Sports': 11.76470588235294}"
5256c41c-dafc-44cf-b794-54e03258efaa,"{'Dream': 15.66265060240964, 'Love': 10.441767068273093, 'Book': 10.040160642570282, 'Work': 11.646586345381527, 'Family': 8.032128514056225, 'Time': 7.630522088353414, 'History': 9.236947791164658, 'Home': 10.040160642570282, 'Power': 10.441767068273093, 'Sports': 6.827309236947792}"
13005331-c8c7-41df-b9b8-7b71aeeeb78b,"{'Travel': 4.093567251461988, 'School': 43.859649122807014, 'Book': 5.847953216374268, 'Work': 9.941520467836257, 'Summer': 4.678362573099415, 'Family': 4.678362573099415, 'Time': 5.847953216374268, 'Fall': 5.263157894736842, 'Spring': 11.11111111111111, 'Home': 4.678362573099415}"
295577da-df85-4083-a0b1-2b63df4ffe21,"{'Book': 5.911330049261084, 'Magic': 6.157635467980295, 'Work': 16.25615763546798, 'Family': 10.591133004926109, 'Time': 10.83743842364532, 'Fall': 7.8817733990147785, 'History': 11.330049261083744, 'Home': 12.807881773399016, 'Power': 11.576354679802956, 'Sports': 6.65024630541872}"
77f63d51-283b-412f-aa56-81b13771b3c2,"{'Dream': 4.926108374384237, 'Travel': 6.403940886699508, 'Book': 9.35960591133005, 'Love': 8.374384236453201, 'Work': 23.645320197044335, 'Family': 12.31527093596059, 'Fall': 9.35960591133005, 'Time': 5.41871921182266, 'Home': 14.285714285714285, 'Dating': 5.911330049261084}"
3be06d62-8ffa-4e1a-b07b-3ab075e32467,"{'Pop': 4.150943396226415, 'Rock': 4.528301886792453, 'Love': 17.358490566037734, 'Book': 6.415094339622642, 'Work': 22.264150943396228, 'Family': 7.169811320754717, 'Time': 11.320754716981133, 'Fall': 10.566037735849058, 'Home': 11.320754716981133, 'Sports': 4.905660377358491}"
d5bb6003-c311-45a2-b99d-1182ecc89046,"{'Pop': 9.75609756097561, 'Travel': 9.75609756097561, 'Art': 8.536585365853659, 'Disco': 8.536585365853659, 'Love': 18.29268292682927, 'Book': 14.634146341463413, 'Magic': 7.317073170731707, 'Time': 9.75609756097561, 'Dating': 4.878048780487805, 'Power': 8.536585365853659}"
ac1c0d2f-bce4-4a78-94f4-aa9a881fd297,"{'Myhtology': 12.76595744680851, 'Dream': 8.51063829787234, 'Book': 9.574468085106384, 'Discovery': 4.25531914893617, 'Family': 4.25531914893617, 'Summer': 6.382978723404255, 'Sacrifice': 4.25531914893617, 'Revenge': 20.212765957446805, 'God': 13.829787234042554, 'Home': 15.957446808510639}"
747b5729-51cf-4f61-be84-91bee87cb648,"{'Leadership': 7.317073170731707, 'Travel': 4.878048780487805, 'Love': 19.51219512195122, 'Book': 7.317073170731707, 'Family': 17.073170731707318, 'Time': 4.878048780487805, 'Change': 4.878048780487805, 'History': 17.073170731707318, 'Spring': 2.4390243902439024, 'Home': 14.634146341463413}"
18356a5d-36ad-4202-be40-1fa0f82d37a9,"{'Royal': 4.545454545454546, 'Travel': 7.575757575757576, 'Love': 29.545454545454547, 'Work': 15.909090909090908, 'Family': 6.0606060606060606, 'Fall': 9.848484848484848, 'Time': 7.575757575757576, 'History': 7.575757575757576, 'Revenge': 4.545454545454546, 'Home': 6.8181818181818175}"
cfa81ef0-4cb7-42ba-9ce7-705c0d022fe8,"{'Leadership': 4.761904761904762, 'Travel': 3.571428571428571, 'Love': 11.904761904761903, 'Fashion': 3.571428571428571, 'Family': 5.952380952380952, 'Summer': 3.571428571428571, 'Change': 5.952380952380952, 'Dating': 48.80952380952381, 'Home': 7.142857142857142, 'Hope': 4.761904761904762}"
96aae871-d888-47ba-89e5-c627e9b79147,"{'Pop': 7.8125, 'Travel': 12.5, 'Book': 15.625, 'Love': 15.625, 'Family': 9.375, 'Change': 6.25, 'History': 4.6875, 'Home': 14.0625, 'Dating': 9.375, 'Hope': 4.6875}"
50d16368-e8de-4ac0-92f5-6e67d3929804,"{'Dream': 35.13513513513514, 'School': 5.405405405405405, 'Love': 18.91891891891892, 'Book': 8.108108108108109, 'Magic': 5.405405405405405, 'Fantasy': 2.7027027027027026, 'Classical': 5.405405405405405, 'History': 2.7027027027027026, 'Dating': 8.108108108108109, 'Power': 8.108108108108109}"
13ae05d1-1f8a-49aa-9e16-23952539ea87,"{'Pop': 5.333333333333334, 'Travel': 6.666666666666667, 'Adventure': 6.666666666666667, 'Love': 6.666666666666667, 'Work': 10.666666666666668, 'Family': 17.333333333333336, 'Fall': 18.666666666666668, 'Time': 4.0, 'Spring': 4.0, 'Home': 20.0}"
82e67e3f-3d76-448b-96c7-89e3a44bd457,"{'Pop': 8.661417322834646, 'Travel': 7.874015748031496, 'Love': 8.661417322834646, 'Fashion': 7.874015748031496, 'Diversity': 7.086614173228346, 'Work': 15.748031496062993, 'Fall': 12.598425196850393, 'Time': 12.598425196850393, 'Change': 9.448818897637794, 'Dating': 9.448818897637794}"
80f99964-691f-469f-a49d-237bfa3d9345,"{'School': 7.361963190184049, 'Rock': 5.521472392638037, 'Book': 12.269938650306749, 'Love': 10.429447852760736, 'Work': 19.631901840490798, 'Discovery': 6.134969325153374, 'Family': 8.588957055214724, 'Time': 14.11042944785276, 'Fall': 7.361963190184049, 'Home': 8.588957055214724}"
1b39a999-7a29-4146-bd21-3c1be6a499c1,"{'Rap': 6.086956521739131, 'Book': 11.73913043478261, 'Work': 22.17391304347826, 'Family': 7.82608695652174, 'Time': 17.391304347826086, 'Fall': 7.391304347826087, 'History': 6.521739130434782, 'Spring': 5.217391304347826, 'Home': 9.130434782608695, 'Power': 6.521739130434782}"
a5fdbec8-2696-43b0-aded-ca85b9fcabb4,"{'Justice': 10.071942446043165, 'Dream': 5.0359712230215825, 'Rap': 4.316546762589928, 'Travel': 8.633093525179856, 'Rock': 38.1294964028777, 'Love': 5.0359712230215825, 'Fashion': 4.316546762589928, 'Time': 5.755395683453238, 'Home': 12.23021582733813, 'Dating': 6.474820143884892}"
f5f057a7-95d2-4c5f-abee-c644d0074ced,"{'Pop': 5.434782608695652, 'Education': 19.565217391304348, 'Growth': 6.521739130434782, 'Family': 9.782608695652174, 'Time': 10.869565217391305, 'Faith': 8.695652173913043, 'History': 9.782608695652174, 'Home': 13.043478260869565, 'Hope': 8.695652173913043, 'Power': 7.608695652173914}"
b2735909-a193-41f5-a110-7f0c8a2bba94,"{'Pop': 5.0, 'Travel': 6.666666666666667, 'Love': 21.666666666666668, 'Work': 13.333333333333334, 'Family': 6.666666666666667, 'Time': 13.333333333333334, 'Home': 8.333333333333332, 'Dating': 6.666666666666667, 'Power': 8.333333333333332, 'Sports': 10.0}"
baf2adcd-2a81-4f42-ac84-024321dd3103,"{'Pop': 8.108108108108109, 'Art': 5.405405405405405, 'Book': 5.405405405405405, 'Love': 5.405405405405405, 'Diversity': 5.405405405405405, 'Family': 21.62162162162162, 'Time': 18.91891891891892, 'Home': 18.91891891891892, 'God': 5.405405405405405, 'Power': 5.405405405405405}"
6051b8f0-c767-43e0-8edd-d55d0b7e44a5,"{'Book': 10.548523206751055, 'Diversity': 6.751054852320674, 'Work': 11.60337552742616, 'Family': 6.751054852320674, 'Fall': 8.860759493670885, 'Time': 8.438818565400844, 'Change': 7.805907172995781, 'Home': 7.172995780590717, 'Power': 25.738396624472575, 'Sports': 6.329113924050633}"
0463be1b-f25e-49e9-b940-2904368360cf,"{'Pop': 13.333333333333334, 'Rap': 5.555555555555555, 'Travel': 6.666666666666667, 'Book': 14.444444444444443, 'Love': 5.555555555555555, 'Time': 13.333333333333334, 'History': 12.222222222222221, 'Home': 8.88888888888889, 'Dating': 7.777777777777778, 'Power': 12.222222222222221}"
7d01de06-6435-4ec4-9670-24ca6ceb8440,"{'Pop': 7.59493670886076, 'Travel': 10.126582278481013, 'Adventure': 6.329113924050633, 'Book': 11.39240506329114, 'Family': 20.253164556962027, 'Time': 7.59493670886076, 'Change': 5.063291139240507, 'Spring': 6.329113924050633, 'History': 5.063291139240507, 'Home': 20.253164556962027}"
db157ea4-0069-4d38-b55d-a2913f9c44aa,"{'Leadership': 4.225352112676056, 'Love': 16.901408450704224, 'Book': 14.084507042253522, 'Work': 16.901408450704224, 'Time': 12.676056338028168, 'Fall': 5.633802816901409, 'Sacrifice': 9.859154929577464, 'Spring': 9.859154929577464, 'Home': 4.225352112676056, 'Sports': 5.633802816901409}"
7da9c8aa-1668-45af-bd0e-79f8d808eaae,"{'Pop': 5.202312138728324, 'Love': 8.670520231213873, 'Work': 12.716763005780345, 'Time': 5.202312138728324, 'Fall': 4.046242774566474, 'Sacrifice': 4.046242774566474, 'Spring': 4.046242774566474, 'God': 47.398843930635834, 'Home': 4.046242774566474, 'Hell': 4.624277456647398}"
1899f318-251a-43b6-b533-f1ab0aed578c,"{'Pop': 6.0606060606060606, 'Travel': 15.151515151515152, 'School': 3.0303030303030303, 'Education': 3.0303030303030303, 'Family': 15.151515151515152, 'Identity': 6.0606060606060606, 'Home': 27.27272727272727, 'Dating': 15.151515151515152, 'Humor': 3.0303030303030303, 'Sports': 6.0606060606060606}"
14285268-a164-405a-94bd-01ad84801974,"{'Dream': 2.272727272727273, 'Leadership': 4.545454545454546, 'Book': 9.090909090909092, 'Love': 9.090909090909092, 'Work': 25.0, 'Family': 25.0, 'Time': 13.636363636363635, 'Fall': 4.545454545454546, 'Change': 4.545454545454546, 'Dating': 2.272727272727273}"
92616f03-02f0-43d9-8f2d-97063ed59f14,"{'Royal': 4.761904761904762, 'Forgiveness': 4.761904761904762, 'Rock': 19.047619047619047, 'Book': 4.761904761904762, 'Fashion': 4.761904761904762, 'Work': 14.285714285714285, 'Family': 14.285714285714285, 'Home': 14.285714285714285, 'Power': 4.761904761904762, 'Sports': 14.285714285714285}"
d8e06bff-ab42-4c4c-afe7-b6ddbc08a32f,"{'Pop': 3.3333333333333335, 'School': 5.333333333333334, 'Rock': 52.666666666666664, 'Work': 8.0, 'Family': 5.333333333333334, 'Summer': 3.3333333333333335, 'Time': 6.0, 'Change': 4.0, 'Home': 7.333333333333333, 'Dating': 4.666666666666667}"
dae03131-d13c-48db-aaee-1fd487c1bbd0,"{'Pop': 10.126582278481013, 'Friendship': 15.18987341772152, 'Travel': 5.063291139240507, 'School': 12.658227848101266, 'Love': 11.39240506329114, 'Family': 11.39240506329114, 'Time': 8.860759493670885, 'Change': 10.126582278481013, 'Home': 10.126582278481013, 'Dating': 5.063291139240507}"
ec7da626-0a05-4757-b487-69b19516d88c,"{'Pop': 9.090909090909092, 'Travel': 5.454545454545454, 'Love': 10.909090909090908, 'Work': 12.727272727272727, 'Family': 12.727272727272727, 'Fall': 5.454545454545454, 'History': 12.727272727272727, 'Home': 10.909090909090908, 'Humor': 7.2727272727272725, 'Hell': 12.727272727272727}"
ae989c78-36d5-4fdb-9251-eb02bcd7346e,"{'Dream': 6.390977443609036, 'Adventure': 10.902255639097744, 'Love': 9.774436090225564, 'Magic': 10.526315789473683, 'Fashion': 7.518796992481203, 'Family': 9.022556390977442, 'Time': 11.654135338345863, 'History': 10.526315789473683, 'Home': 9.398496240601503, 'Power': 14.285714285714285}"
7ac5016c-f3f0-4421-bad1-d030b60d247c,"{'Pop': 5.46875, 'Book': 17.96875, 'Work': 10.15625, 'Family': 10.15625, 'Time': 6.25, 'History': 7.8125, 'Home': 13.28125, 'Dating': 4.6875, 'Power': 17.1875, 'Sports': 7.03125}"
e422f043-ecf5-41c7-ac74-7a47a7bbee23,"{'Pop': 9.333333333333334, 'Travel': 9.333333333333334, 'Love': 25.333333333333336, 'Work': 16.0, 'Family': 5.333333333333334, 'Fall': 10.666666666666668, 'Time': 6.666666666666667, 'Dating': 6.666666666666667, 'Home': 5.333333333333334, 'Power': 5.333333333333334}"
fe310dba-a957-49f9-a18f-7477605a729b,"{'Travel': 8.064516129032258, 'School': 14.516129032258066, 'Love': 9.67741935483871, 'Book': 6.451612903225806, 'Work': 11.29032258064516, 'Family': 14.516129032258066, 'Fall': 9.67741935483871, 'Spring': 8.064516129032258, 'Home': 9.67741935483871, 'Dating': 8.064516129032258}"
